Workbook

Sheet Guideline
A1: HƯỚNG DẪN SỬ DỤNG BỘ TEST CASE PRODUCTION — AILAB SURVEY
A4: 1. Mục tiêu | B4: Bộ test dùng để người khác trực tiếp dùng hệ thống và xác nhận từng chức năng. Không phải bộ test nội dung bài kiểm tra.
A5: 2. Thứ tự sử dụng | B5: Cover → FunctionList → Test Report → UT01…UT17. Bài mẫu chỉ minh họa cách đọc ma trận và không được tính vào report.
A6: 3. Một nguồn test duy nhất | B6: Mỗi test case chỉ tồn tại một lần trong đúng sheet chức năng. Không có bộ UAT riêng và không lặp bảng chi tiết phía dưới.
A7: 4. Loại test | B7: N = Normal: luồng đúng; A = Abnormal: dữ liệu/quyền/lỗi; B = Boundary: giá trị biên.
A8: 5. Trạng thái | B8: Passed = đúng kỳ vọng; Failed = sai kỳ vọng; Blocked = chưa thể chạy do môi trường/feature. Ô trống = Untested.
A9: 6. Cách chạy một cột test | B9: Đọc từ trên xuống: Tình huống → Tiền điều kiện → Input 1/2 → Bước 1…4 → Kết quả mong đợi → Lỗi/Thông báo → Điểm kiểm tra.
A10: 7. Khi Failed | B10: Ghi Defect ID ở dòng cuối; bằng chứng ảnh/log dùng cùng Defect ID. Không sửa Expected Result để khớp lỗi thực tế.
A11: 8. Khi Blocked | B11: Ghi lý do ngoài file hoặc trong Defect ID. Riêng AI Result Chat: nếu build chưa có feature, đánh Blocked, không đánh Failed.
A12: 9. Tiêu chí chấp nhận release | B12: Không còn Failed Critical chưa xử lý; Blocked có quyết định rõ; coverage đạt kế hoạch; các luồng core tạo survey, import, response, analysis và quyền đã chạy.
A13: 10. Nguồn mã | B13: Bộ test bám snapshot mã nguồn; trạng thái Verified/Partial/GAP được ghi trực tiếp trong FunctionList và metadata từng UT.
A15: Repository | B15: https://github.com/Royal2005-coder/formailab
A16: Source commit | B16: ef92d78aa86916e6fbf4bc8a43044a4a4328154d
... A21: 13. Nguyên tắc không nhân đôi | B21: Hai bảng phụ chỉ là tài liệu hỗ trợ thiết kế/thực thi; Test Report vẫn tính đúng 224 test case production hiện tại.

Sheet Cover
A1: AILAB SURVEY UNIT TEST CASE
A7: Project Name | B7: FormaiLab — AI LAB Survey Engine | D7: Creator | E7: QA / UAT Team
A8: Project Code | B8: AILAB-AUT | D8: Reviewer/Approver
A9: Document Code | B9: AILAB-AUT-UTC-v5.0 | D9: Issue Date | E9: 46242
A10: Version | B10: 5.0 | D10: Source Commit | E10: ef92d78aa86916e6fbf4bc8a43044a4a4328154d
A12: Record of change
A13: Effective Date | B13: Version | C13: Change Item | D13: *A,D,M | E13: Change description | F13: Reference
A14: 46242 | B14: 5.0 | C14: M | D14: M | E14: Master test case hệ thống AILAB Survey gồm built in module và customize module: CSV Import và AI Native | F14: Unified production test case
A18: Repository | B18: https://github.com/Royal2005-coder/formailab
A19: Snapshot URL | B19: https://github.com/Royal2005-coder/formailab/tree/ef92d78aa86916e6fbf4bc8a43044a4a4328154d
A20: Total production test cases | B20: 224

Sheet FunctionList
A2: UNIT TEST CASE LIST
A4: Project Name | D4: FormaiLab — AI LAB Survey Engine
A5: Project Code | D5: AILAB-AUT
A6: Normal number of Test cases/KLOC | D6: 100
A7: Test Environment Setup Description | D7: Local/Staging/Prod-like; Chrome/Edge; PostgreSQL; Redis; Storage; SMTP; AI provider khi test AI.
A10: No | B10: Requirement Name | C10: Class Name | D10: Function Name | E10: Function Code(Optional) | F10: Sheet Name | G10: Description | H10: Pre-Condition
A11: 1 | B11: Kiểm tra đăng nhập, đăng ký, quên mật khẩu, OAuth, đăng xuất và bảo vệ route. | C11: AuthModule | D11: Xác thực & Phiên đăng nhập | E11: AUTH-001 | F11: =HYPERLINK("#'UT01_XacThuc'!A1","UT01_XacThuc") -> UT01_XacThuc | G11: Xác thực người dùng từ góc nhìn end user; bao phủ luồng đúng, lỗi nhập liệu và phiên truy cập. Verified | apps/web/modules/auth | H11: Ứng dụng, DB và email/OAuth test đã cấu hình theo từng case.
A12: 2 | B12: Kiểm tra vòng đời tổ chức, mời thành viên, vai trò, nhóm và quyền quản trị tổ chức. | C12: OrganizationModule | D12: Tổ chức, Thành viên & Nhóm | E12: ORG-001 | F12: =HYPERLINK("#'UT02_ToChuc'!A1","UT02_ToChuc") -> UT02_ToChuc | G12: Quản trị organization và membership ở mức người dùng/manager. Verified | apps/web/modules/organization | H12: Đã đăng nhập; chuẩn bị tài khoản Owner, Manager và Member.
A13: 3 | B13: Kiểm tra CRUD workspace, chuyển context, read/readWrite và cách ly dữ liệu giữa workspace. | C13: WorkspaceAccessModule | D13: Workspace & Phân quyền truy cập | E13: WKSP-001 | F13: =HYPERLINK("#'UT03_Workspace_RBAC'!A1","UT03_Workspace_RBAC") -> UT03_Workspace_RBAC | G13: Hợp nhất kiểm thử Workspace và RBAC để tránh lặp case quyền ở nhiều nơi. Verified | apps/web/app/(app)/workspaces | H13: Có organization và tối thiểu hai workspace A/B; tài khoản nhiều mức quyền.
A14: 4 | B14: Kiểm tra hành trình từ workspace đến Surveys, AI LAB, Responses và Analysis. | C14: NavigationModule | D14: Dashboard, Danh sách & Điều hướng | E14: NAV-001 | F14: =HYPERLINK("#'UT04_Dashboard_DieuHuong'!A1","UT04_Dashboard_DieuHuong") -> UT04_Dashboard_DieuHuong | G14: Điều hướng, empty state, browser navigation và tính nhất quán context. Verified | apps/web/modules/survey/list/components/survey-list.tsx | H14: Có tài khoản, workspace và dữ liệu survey theo từng case.
A15: 5 | B15: Kiểm tra vòng đời survey thủ công từ tạo mới đến câu hỏi, preview, publish, archive và xóa. | C15: SurveyModule | D15: Tạo khảo sát thủ công, Editor & Publish | E15: SURV-001 | F15: =HYPERLINK("#'UT05_Survey_ThuCong'!A1","UT05_Survey_ThuCong") -> UT05_Survey_ThuCong | G15: Module survey duy nhất, thay cho UT_KhaoSat và UT_SurveyManual trước đây. Verified | apps/web/modules/survey | H15: User có quyền readWrite trong workspace.
A16: 6 | B16: Kiểm tra import ngân hàng câu hỏi: validate, diagnostics, preview, commit, checksum và idempotency. | C16: AiLabImportModule | D16: Import CSV/XLS/XLSX, Preview & Commit | E16: IMP-001 | F16: =HYPERLINK("#'UT06_Import_CSV_XLSX'!A1","UT06_Import_CSV_XLSX") -> UT06_Import_CSV_XLSX | G16: Luồng AI LAB Survey Import đã xác minh ở actions/actions.schema. Verified | apps/web/modules/ai-lab-survey/actions.ts | H16: Workspace tồn tại; user có quyền phù hợp; có file fixture.
A17: 7 | B17: Kiểm tra cấu trúc test bank và Adaptive Engine sau import từ góc nhìn end user. | C17: AdaptiveTestBankModule | D17: Test Bank, Relevance, Score & Routing | E17: TB-001 | F17: =HYPERLINK("#'UT07_TestBank_Adaptive'!A1","UT07_TestBank_Adaptive") -> UT07_TestBank_Adaptive | G17: Group/Question/Option, matrix, score variable, relevance và route boundary. Verified | packages/survey-compiler/src/import-csv.ts | H17: Có fixture test bank CSV/XLSX hợp lệ hoặc cố ý lỗi.
A18: 8 | B18: Kiểm tra người trả lời mở survey, nhập dữ liệu, gửi, cập nhật trạng thái và tính toàn vẹn response. | C18: ResponseModule | D18: Public Survey, Response & Submission | E18: RESP-001 | F18: =HYPERLINK("#'UT08_PhanHoi'!A1","UT08_PhanHoi") -> UT08_PhanHoi | G18: Tập trung outcome người trả lời; không lặp phần editor. Verified | apps/web/lib/response/service.ts | H18: Survey đã publish và có public link.
A19: 9 | B19: Kiểm tra tổng quan phản hồi, bộ lọc, KPI, biểu đồ và export dữ liệu. | C19: AnalysisModule | D19: Phân tích, Insights, Chart & Export | E19: ANLY-001 | F19: =HYPERLINK("#'UT09_PhanTich_Insights'!A1","UT09_PhanTich_Insights") -> UT09_PhanTich_Insights | G19: Hợp nhất UT_PhanTich và UT_InsightsExport; một nguồn report duy nhất. Verified/Risk | apps/web/modules/ai-lab-survey/components/insights-dashboard.tsx | H19: Survey/AI LAB có fixture responses biết trước.
A20: 10 | B20: Kiểm tra AI tạo survey bằng prompt và file context, boundary prompt, entitlement và lỗi provider. | C20: AIGenerateModule | D20: AI Native - Tạo Survey từ mô tả/tài liệu | E20: AI-GEN-001 | F20: =HYPERLINK("#'UT10_AI_TaoSurvey'!A1","UT10_AI_TaoSurvey") -> UT10_AI_TaoSurvey | G20: AI survey generation qua V3 payload validation và editor. Verified | apps/web/modules/survey/components/template-list/components/create-with-ai-form.tsx | H20: AI provider/entitlement cấu hình theo từng case.
A21: 11 | B21: Kiểm tra availability, quyền và dịch survey đa ngôn ngữ bằng AI. | C21: AITranslationModule | D21: AI Native - Dịch khảo sát | E21: AI-TR-001 | F21: =HYPERLINK("#'UT11_AI_Dich'!A1","UT11_AI_Dich") -> UT11_AI_Dich | G21: AI Translation ở cấp field, giữ source và target rõ ràng. Verified | apps/web/modules/ee/ai-translation/lib/actions.ts | H21: Survey có nội dung nguồn; AI config theo case.
A22: 12 | B22: Kiểm tra hiển thị enrichment sentiment/emotions trên feedback record. | C22: AISentimentModule | D22: AI Native - Sentiment & Emotions | E22: AI-SEN-001 | F22: =HYPERLINK("#'UT12_AI_Sentiment'!A1","UT12_AI_Sentiment") -> UT12_AI_Sentiment | G22: UI enrichment read-only; pipeline tạo enrichment được đánh Partial nếu môi trường chưa có job AI. Partial | apps/web/modules/ee/unify-feedback/components/feedback-record-form-drawer.tsx | H22: Có Unify Feedback records đã/chưa enrichment.
A23: 13 | B23: Kiểm tra gate dữ liệu, embedding, generate taxonomy và quản trị node. | C23: AITaxonomyModule | D23: AI Native - Topic/Subtopic Tree | E23: AI-TOP-001 | F23: =HYPERLINK("#'UT13_AI_TopicTree'!A1","UT13_AI_TopicTree") -> UT13_AI_TopicTree | G23: Cây chủ đề/subtopic trên open-text feedback; boundary 750 và embedding threshold 50. Verified | apps/web/modules/ee/unify-feedback/topics-subtopics/components/topics-subtopics-container.tsx | H23: Có Unify Feedback directory và fixture counts theo case.
A24: 14 | B24: Acceptance contract cho hỏi-đáp trên dữ liệu survey; nếu build chưa có entry point thì đánh Blocked. | C24: AIResultChatModule | D24: AI Native - Chat với kết quả khảo sát | E24: AI-CHAT-001 | F24: =HYPERLINK("#'UT14_AI_ResultChat'!A1","UT14_AI_ResultChat") -> UT14_AI_ResultChat | G24: Không giả định implementation chưa xác minh. Tab này nằm trong cùng bộ test để quản lý gap production. GAP | GAP: chưa xác minh code path | H24: Chỉ thực thi khi build có AI Chat trên Results/Analysis.
A25: 15 | B25: Kiểm tra webhook và các kết nối ngoài theo quyền, callback, lỗi và thu hồi kết nối. | C25: IntegrationModule | D25: Webhook & Tích hợp ngoài | E25: INTG-001 | F25: =HYPERLINK("#'UT15_TichHop'!A1","UT15_TichHop") -> UT15_TichHop | G25: Webhook + OAuth integrations như Slack/Notion/Airtable/Google Sheets theo cấu hình build. Verified | apps/web/modules/integrations | H25: Có workspace quyền quản trị và sandbox account của dịch vụ ngoài.
A26: 16 | B26: Kiểm tra xác thực API, CRUD survey/response, validation, phân quyền, pagination và rate/error contract. | C26: APIModule | D26: REST API v1/v3 & API Key | E26: API-001 | F26: =HYPERLINK("#'UT16_API'!A1","UT16_API") -> UT16_API | G26: Acceptance API ở mức consumer; dùng API key test. Verified | apps/web/app/api | H26: App đang chạy; có API key và tool HTTP/Postman/curl.
A27: 17 | B27: Kiểm tra upload/download/delete file, signed URL và các email hệ thống chính. | C27: StorageEmailModule | D27: Lưu trữ file & Email hệ thống | E27: STGE-001 | F27: =HYPERLINK("#'UT17_LuuTru_Email'!A1","UT17_LuuTru_Email") -> UT17_LuuTru_Email | G27: Storage + SMTP acceptance ở mức end user/admin. Verified | apps/web/modules | H27: S3/local storage và SMTP test đã cấu hình.

Sheet Test Report
A2: UNIT TEST REPORT
M3: Status | N3: Count
A4: Project Name | B4: FormaiLab — AI LAB Survey Engine | C4: FormaiLab — AI LAB Survey Engine | D4: Creator | E4: QA / UAT Team | F4: Creator | H4: QA / UAT Team | M4: Passed | N4: =C30 -> 1
A5: Project Code | B5: AILAB-AUT | C5: AILAB-AUT | D5: Reviewer/Approver | F5: Reviewer/Approver | M5: Failed | N5: =D30 -> 1
A6: Document Code | B6: AILAB-AUT-UTC-v5.0 | C6: AILAB-AUT-UTC-v5.0 | D6: Issue Date | E6: 46242 | F6: Issue Date | H6: 46242 | M6: Blocked | N6: =E30 -> 1
A7: Notes | B7: Một bộ test duy nhất theo template; Bài mẫu không tính vào báo cáo. | C7: Một bộ test duy nhất theo template; Bài mẫu không tính vào báo cáo. | D7: Environment | E7: Local / Staging / Prod-like | F7: Environment | H7: Local / Staging / Prod-like | M7: Untested | N7: =F30 -> 221
A8: Source Commit | B8: ef92d78aa86916e6fbf4bc8a43044a4a4328154d | C8: ef92d78aa86916e6fbf4bc8a43044a4a4328154d | D8: Repository | E8: https://github.com/Royal2005-coder/formailab | F8: Repository | H8: https://github.com/Royal2005-coder/formailab | M8: Total | N8: =J30 -> 224
M10: Test Type | N10: Count
A11: No | B11: Function code | C11: Passed | D11: Failed | E11: Blocked | F11: Untested | G11: N | H11: A | I11: B | J11: Total Test Cases | K11: Coverage | M11: Normal (N) | N11: =G30 -> 112
A12: 1 | B12: =HYPERLINK("#'UT01_XacThuc'!A1","AUTH-001") -> AUTH-001 | C12: =UT01_XacThuc!A7 -> 1 | D12: =UT01_XacThuc!C7 -> 1 | E12: =UT01_XacThuc!E7 -> 1 | F12: =UT01_XacThuc!G7 -> 9 | G12: =UT01_XacThuc!I7 -> 5 | H12: =UT01_XacThuc!K7 -> 5 | I12: =UT01_XacThuc!M7 -> 2 | J12: =UT01_XacThuc!O7 -> 12 | K12: =IF(J12=0,0,(C12+D12+E12)/J12) -> 0.25 | M12: Abnormal (A) | N12: =H30 -> 72
A13: 2 | B13: =HYPERLINK("#'UT02_ToChuc'!A1","ORG-001") -> ORG-001 | C13: =UT02_ToChuc!A7 -> 0 | D13: =UT02_ToChuc!C7 -> 0 | E13: =UT02_ToChuc!E7 -> 0 | F13: =UT02_ToChuc!G7 -> 12 | G13: =UT02_ToChuc!I7 -> 7 | H13: =UT02_ToChuc!K7 -> 5 | I13: =UT02_ToChuc!M7 -> 0 | J13: =UT02_ToChuc!O7 -> 12 | K13: =IF(J13=0,0,(C13+D13+E13)/J13) -> 0 | M13: Boundary (B) | N13: =I30 -> 40
A14: 3 | B14: =HYPERLINK("#'UT03_Workspace_RBAC'!A1","WKSP-001") -> WKSP-001 | C14: =UT03_Workspace_RBAC!A7 -> 0 | D14: =UT03_Workspace_RBAC!C7 -> 0 | E14: =UT03_Workspace_RBAC!E7 -> 0 | F14: =UT03_Workspace_RBAC!G7 -> 15 | G14: =UT03_Workspace_RBAC!I7 -> 9 | H14: =UT03_Workspace_RBAC!K7 -> 4 | I14: =UT03_Workspace_RBAC!M7 -> 2 | J14: =UT03_Workspace_RBAC!O7 -> 15 | K14: =IF(J14=0,0,(C14+D14+E14)/J14) -> 0
A15: 4 | B15: =HYPERLINK("#'UT04_Dashboard_DieuHuong'!A1","NAV-001") -> NAV-001 | C15: =UT04_Dashboard_DieuHuong!A7 -> 0 | D15: =UT04_Dashboard_DieuHuong!C7 -> 0 | E15: =UT04_Dashboard_DieuHuong!E7 -> 0 | F15: =UT04_Dashboard_DieuHuong!G7 -> 10 | G15: =UT04_Dashboard_DieuHuong!I7 -> 5 | H15: =UT04_Dashboard_DieuHuong!K7 -> 1 | I15: =UT04_Dashboard_DieuHuong!M7 -> 4 | J15: =UT04_Dashboard_DieuHuong!O7 -> 10 | K15: =IF(J15=0,0,(C15+D15+E15)/J15) -> 0
A16: 5 | B16: =HYPERLINK("#'UT05_Survey_ThuCong'!A1","SURV-001") -> SURV-001 | C16: =UT05_Survey_ThuCong!A7 -> 0 | D16: =UT05_Survey_ThuCong!C7 -> 0 | E16: =UT05_Survey_ThuCong!E7 -> 0 | F16: =UT05_Survey_ThuCong!G7 -> 15 | G16: =UT05_Survey_ThuCong!I7 -> 13 | H16: =UT05_Survey_ThuCong!K7 -> 2 | I16: =UT05_Survey_ThuCong!M7 -> 0 | J16: =UT05_Survey_ThuCong!O7 -> 15 | K16: =IF(J16=0,0,(C16+D16+E16)/J16) -> 0
A17: 6 | B17: =HYPERLINK("#'UT06_Import_CSV_XLSX'!A1","IMP-001") -> IMP-001 | C17: =UT06_Import_CSV_XLSX!A7 -> 0 | D17: =UT06_Import_CSV_XLSX!C7 -> 0 | E17: =UT06_Import_CSV_XLSX!E7 -> 0 | F17: =UT06_Import_CSV_XLSX!G7 -> 15 | G17: =UT06_Import_CSV_XLSX!I7 -> 5 | H17: =UT06_Import_CSV_XLSX!K7 -> 7 | I17: =UT06_Import_CSV_XLSX!M7 -> 3 | J17: =UT06_Import_CSV_XLSX!O7 -> 15 | K17: =IF(J17=0,0,(C17+D17+E17)/J17) -> 0
A18: 7 | B18: =HYPERLINK("#'UT07_TestBank_Adaptive'!A1","TB-001") -> TB-001 | C18: =UT07_TestBank_Adaptive!A7 -> 0 | D18: =UT07_TestBank_Adaptive!C7 -> 0 | E18: =UT07_TestBank_Adaptive!E7 -> 0 | F18: =UT07_TestBank_Adaptive!G7 -> 15 | G18: =UT07_TestBank_Adaptive!I7 -> 10 | H18: =UT07_TestBank_Adaptive!K7 -> 2 | I18: =UT07_TestBank_Adaptive!M7 -> 3 | J18: =UT07_TestBank_Adaptive!O7 -> 15 | K18: =IF(J18=0,0,(C18+D18+E18)/J18) -> 0
A19: 8 | B19: =HYPERLINK("#'UT08_PhanHoi'!A1","RESP-001") -> RESP-001 | C19: =UT08_PhanHoi!A7 -> 0 | D19: =UT08_PhanHoi!C7 -> 0 | E19: =UT08_PhanHoi!E7 -> 0 | F19: =UT08_PhanHoi!G7 -> 15 | G19: =UT08_PhanHoi!I7 -> 7 | H19: =UT08_PhanHoi!K7 -> 4 | I19: =UT08_PhanHoi!M7 -> 4 | J19: =UT08_PhanHoi!O7 -> 15 | K19: =IF(J19=0,0,(C19+D19+E19)/J19) -> 0
A20: 9 | B20: =HYPERLINK("#'UT09_PhanTich_Insights'!A1","ANLY-001") -> ANLY-001 | C20: =UT09_PhanTich_Insights!A7 -> 0 | D20: =UT09_PhanTich_Insights!C7 -> 0 | E20: =UT09_PhanTich_Insights!E7 -> 0 | F20: =UT09_PhanTich_Insights!G7 -> 15 | G20: =UT09_PhanTich_Insights!I7 -> 8 | H20: =UT09_PhanTich_Insights!K7 -> 4 | I20: =UT09_PhanTich_Insights!M7 -> 3 | J20: =UT09_PhanTich_Insights!O7 -> 15 | K20: =IF(J20=0,0,(C20+D20+E20)/J20) -> 0
A21: 10 | B21: =HYPERLINK("#'UT10_AI_TaoSurvey'!A1","AI-GEN-001") -> AI-GEN-001 | C21: =UT10_AI_TaoSurvey!A7 -> 0 | D21: =UT10_AI_TaoSurvey!C7 -> 0 | E21: =UT10_AI_TaoSurvey!E7 -> 0 | F21: =UT10_AI_TaoSurvey!G7 -> 15 | G21: =UT10_AI_TaoSurvey!I7 -> 6 | H21: =UT10_AI_TaoSurvey!K7 -> 5 | I21: =UT10_AI_TaoSurvey!M7 -> 4 | J21: =UT10_AI_TaoSurvey!O7 -> 15 | K21: =IF(J21=0,0,(C21+D21+E21)/J21) -> 0
A22: 11 | B22: =HYPERLINK("#'UT11_AI_Dich'!A1","AI-TR-001") -> AI-TR-001 | C22: =UT11_AI_Dich!A7 -> 0 | D22: =UT11_AI_Dich!C7 -> 0 | E22: =UT11_AI_Dich!E7 -> 0 | F22: =UT11_AI_Dich!G7 -> 12 | G22: =UT11_AI_Dich!I7 -> 4 | H22: =UT11_AI_Dich!K7 -> 7 | I22: =UT11_AI_Dich!M7 -> 1 | J22: =UT11_AI_Dich!O7 -> 12 | K22: =IF(J22=0,0,(C22+D22+E22)/J22) -> 0
A23: 12 | B23: =HYPERLINK("#'UT12_AI_Sentiment'!A1","AI-SEN-001") -> AI-SEN-001 | C23: =UT12_AI_Sentiment!A7 -> 0 | D23: =UT12_AI_Sentiment!C7 -> 0 | E23: =UT12_AI_Sentiment!E7 -> 0 | F23: =UT12_AI_Sentiment!G7 -> 12 | G23: =UT12_AI_Sentiment!I7 -> 6 | H23: =UT12_AI_Sentiment!K7 -> 2 | I23: =UT12_AI_Sentiment!M7 -> 4 | J23: =UT12_AI_Sentiment!O7 -> 12 | K23: =IF(J23=0,0,(C23+D23+E23)/J23) -> 0
A24: 13 | B24: =HYPERLINK("#'UT13_AI_TopicTree'!A1","AI-TOP-001") -> AI-TOP-001 | C24: =UT13_AI_TopicTree!A7 -> 0 | D24: =UT13_AI_TopicTree!C7 -> 0 | E24: =UT13_AI_TopicTree!E7 -> 0 | F24: =UT13_AI_TopicTree!G7 -> 15 | G24: =UT13_AI_TopicTree!I7 -> 6 | H24: =UT13_AI_TopicTree!K7 -> 4 | I24: =UT13_AI_TopicTree!M7 -> 5 | J24: =UT13_AI_TopicTree!O7 -> 15 | K24: =IF(J24=0,0,(C24+D24+E24)/J24) -> 0
A25: 14 | B25: =HYPERLINK("#'UT14_AI_ResultChat'!A1","AI-CHAT-001") -> AI-CHAT-001 | C25: =UT14_AI_ResultChat!A7 -> 0 | D25: =UT14_AI_ResultChat!C7 -> 0 | E25: =UT14_AI_ResultChat!E7 -> 0 | F25: =UT14_AI_ResultChat!G7 -> 10 | G25: =UT14_AI_ResultChat!I7 -> 5 | H25: =UT14_AI_ResultChat!K7 -> 3 | I25: =UT14_AI_ResultChat!M7 -> 2 | J25: =UT14_AI_ResultChat!O7 -> 10 | K25: =IF(J25=0,0,(C25+D25+E25)/J25) -> 0
A26: 15 | B26: =HYPERLINK("#'UT15_TichHop'!A1","INTG-001") -> INTG-001 | C26: =UT15_TichHop!A7 -> 0 | D26: =UT15_TichHop!C7 -> 0 | E26: =UT15_TichHop!E7 -> 0 | F26: =UT15_TichHop!G7 -> 12 | G26: =UT15_TichHop!I7 -> 5 | H26: =UT15_TichHop!K7 -> 7 | I26: =UT15_TichHop!M7 -> 0 | J26: =UT15_TichHop!O7 -> 12 | K26: =IF(J26=0,0,(C26+D26+E26)/J26) -> 0
A27: 16 | B27: =HYPERLINK("#'UT16_API'!A1","API-001") -> API-001 | C27: =UT16_API!A7 -> 0 | D27: =UT16_API!C7 -> 0 | E27: =UT16_API!E7 -> 0 | F27: =UT16_API!G7 -> 12 | G27: =UT16_API!I7 -> 5 | H27: =UT16_API!K7 -> 5 | I27: =UT16_API!M7 -> 2 | J27: =UT16_API!O7 -> 12 | K27: =IF(J27=0,0,(C27+D27+E27)/J27) -> 0
A28: 17 | B28: =HYPERLINK("#'UT17_LuuTru_Email'!A1","STGE-001") -> STGE-001 | C28: =UT17_LuuTru_Email!A7 -> 0 | D28: =UT17_LuuTru_Email!C7 -> 0 | E28: =UT17_LuuTru_Email!E7 -> 0 | F28: =UT17_LuuTru_Email!G7 -> 12 | G28: =UT17_LuuTru_Email!I7 -> 6 | H28: =UT17_LuuTru_Email!K7 -> 5 | I28: =UT17_LuuTru_Email!M7 -> 1 | J28: =UT17_LuuTru_Email!O7 -> 12 | K28: =IF(J28=0,0,(C28+D28+E28)/J28) -> 0
A30: Sub total | C30: =SUM(C12:C28) -> 1 | D30: =SUM(D12:D28) -> 1 | E30: =SUM(E12:E28) -> 1 | F30: =SUM(F12:F28) -> 221 | G30: =SUM(G12:G28) -> 112 | H30: =SUM(H12:H28) -> 72 | I30: =SUM(I12:I28) -> 40 | J30: =SUM(J12:J28) -> 224 | K30: =IF(J30=0,0,(C30+D30+E30)/J30) -> 0.013392857
A32: Test coverage | C32: =IF(J30=0,0,(C30+D30+E30)/J30) -> 0.013392857
A33: Test successful coverage | C33: =IF((C30+D30)=0,0,C30/(C30+D30)) -> 0.5
A34: Normal case coverage | C34: =IF(G30=0,0,SUM(COUNTIFS(UT01_XacThuc!F21:Q21,"N",UT01_XacThuc!F22:Q22,"Passed"),COUNTIFS(UT01_XacThuc!F21:Q21,"N",UT01_XacThuc!F22:Q22,"Failed"),COUNTIFS(UT01_XacThuc!F21:Q21,"N",UT01_XacThuc!F22:Q22,"Blocked"),COUNTIFS(UT02_ToChuc!F21:Q21,"N",UT02_ToChuc!F22:Q22,"Passed"),COUNTIFS(UT02_ToChuc!F21:Q21,"N",UT02_ToChuc!F22:Q22,"Failed"),COUNTIFS(UT02_ToChuc!F21:Q21,"N",UT02_ToChuc!F22:Q22,"Blocked"),COUNTIFS(UT03_Workspace_RBAC!F21:T21,"N",UT03_Workspace_RBAC!F22:T22,"Passed"),COUNTIFS(UT03_Workspace_RBAC!F21:T21,"N",UT03_Workspace_RBAC!F22:T22,"Failed"),COUNTIFS(UT03_Workspace_RBAC!F21:T21,"N",UT03_Workspace_RBAC!F22:T22,"Blocked"),COUNTIFS(UT04_Dashboard_DieuHuong!F21:O21,"N",UT04_Dashboard_DieuHuong!F22:O22,"Passed"),COUNTIFS(UT04_Dashboard_DieuHuong!F21:O21,"N",UT04_Dashboard_DieuHuong!F22:O22,"Failed"),COUNTIFS(UT04_Dashboard_DieuHuong!F21:O21,"N",UT04_Dashboard_DieuHuong!F22:O22,"Blocked"),COUNTIFS(UT05_Survey_ThuCong!F21:T21,"N",UT05_Survey_ThuCong!F22:T22,"Passed"),COUNTIFS(UT05_Survey_ThuCong!F21:T21,"N",UT05_Survey_ThuCong!F22:T22,"Failed"),COUNTIFS(UT05_Survey_ThuCong!F21:T21,"N",UT05_Survey_ThuCong!F22:T22,"Blocked"),COUNTIFS(UT06_Import_CSV_XLSX!F21:T21,"N",UT06_Import_CSV_XLSX!F22:T22,"Passed"),COUNTIFS(UT06_Import_CSV_XLSX!F21:T21,"N",UT06_Import_CSV_XLSX!F22:T22,"Failed"),COUNTIFS(UT06_Import_CSV_XLSX!F21:T21,"N",UT06_Import_CSV_XLSX!F22:T22,"Blocked"),COUNTIFS(UT07_TestBank_Adaptive!F21:T21,"N",UT07_TestBank_Adaptive!F22:T22,"Passed"),COUNTIFS(UT07_TestBank_Adaptive!F21:T21,"N",UT07_TestBank_Adaptive!F22:T22,"Failed"),COUNTIFS(UT07_TestBank_Adaptive!F21:T21,"N",UT07_TestBank_Adaptive!F22:T22,"Blocked"),COUNTIFS(UT08_PhanHoi!F21:T21,"N",UT08_PhanHoi!F22:T22,"Passed"),COUNTIFS(UT08_PhanHoi!F21:T21,"N",UT08_PhanHoi!F22:T22,"Failed"),COUNTIFS(UT08_PhanHoi!F21:T21,"N",UT08_PhanHoi!F22:T22,"Blocked"),COUNTIFS(UT09_PhanTich_Insights!F21:T21,"N",UT09_PhanTich_Insights!F22:T22,"Passed"),COUNTIFS(UT09_PhanTich_Insights!F21:T21,"N",UT09_PhanTich_Insights!F22:T22,"Failed"),COUNTIFS(UT09_PhanTich_Insights!F21:T21,"N",UT09_PhanTich_Insights!F22:T22,"Blocked"),COUNTIFS(UT10_AI_TaoSurvey!F21:T21,"N",UT10_AI_TaoSurvey!F22:T22,"Passed"),COUNTIFS(UT10_AI_TaoSurvey!F21:T21,"N",UT10_AI_TaoSurvey!F22:T22,"Failed"),COUNTIFS(UT10_AI_TaoSurvey!F21:T21,"N",UT10_AI_TaoSurvey!F22:T22,"Blocked"),COUNTIFS(UT11_AI_Dich!F21:Q21,"N",UT11_AI_Dich!F22:Q22,"Passed"),COUNTIFS(UT11_AI_Dich!F21:Q21,"N",UT11_AI_Dich!F22:Q22,"Failed"),COUNTIFS(UT11_AI_Dich!F21:Q21,"N",UT11_AI_Dich!F22:Q22,"Blocked"),COUNTIFS(UT12_AI_Sentiment!F21:Q21,"N",UT12_AI_Sentiment!F22:Q22,"Passed"),COUNTIFS(UT12_AI_Sentiment!F21:Q21,"N",UT12_AI_Sentiment!F22:Q22,"Failed"),COUNTIFS(UT12_AI_Sentiment!F21:Q21,"N",UT12_AI_Sentiment!F22:Q22,"Blocked"),COUNTIFS(UT13_AI_TopicTree!F21:T21,"N",UT13_AI_TopicTree!F22:T22,"Passed"),COUNTIFS(UT13_AI_TopicTree!F21:T21,"N",UT13_AI_TopicTree!F22:T22,"Failed"),COUNTIFS(UT13_AI_TopicTree!F21:T21,"N",UT13_AI_TopicTree!F22:T22,"Blocked"),COUNTIFS(UT14_AI_ResultChat!F21:O21,"N",UT14_AI_ResultChat!F22:O22,"Passed"),COUNTIFS(UT14_AI_ResultChat!F21:O21,"N",UT14_AI_ResultChat!F22:O22,"Failed"),COUNTIFS(UT14_AI_ResultChat!F21:O21,"N",UT14_AI_ResultChat!F22:O22,"Blocked"),COUNTIFS(UT15_TichHop!F21:Q21,"N",UT15_TichHop!F22:Q22,"Passed"),COUNTIFS(UT15_TichHop!F21:Q21,"N",UT15_TichHop!F22:Q22,"Failed"),COUNTIFS(UT15_TichHop!F21:Q21,"N",UT15_TichHop!F22:Q22,"Blocked"),COUNTIFS(UT16_API!F21:Q21,"N",UT16_API!F22:Q22,"Passed"),COUNTIFS(UT16_API!F21:Q21,"N",UT16_API!F22:Q22,"Failed"),COUNTIFS(UT16_API!F21:Q21,"N",UT16_API!F22:Q22,"Blocked"),COUNTIFS(UT17_LuuTru_Email!F21:Q21,"N",UT17_LuuTru_Email!F22:Q22,"Passed"),COUNTIFS(UT17_LuuTru_Email!F21:Q21,"N",UT17_LuuTru_Email!F22:Q22,"Failed"),COUNTIFS(UT17_LuuTru_Email!F21:Q21,"N",UT17_LuuTru_Email!F22:Q22,"Blocked"))/G30) -> 0.0089285714
A35: Abnormal case coverage | C35: =IF(H30=0,0,SUM(COUNTIFS(UT01_XacThuc!F21:Q21,"A",UT01_XacThuc!F22:Q22,"Passed"),COUNTIFS(UT01_XacThuc!F21:Q21,"A",UT01_XacThuc!F22:Q22,"Failed"),COUNTIFS(UT01_XacThuc!F21:Q21,"A",UT01_XacThuc!F22:Q22,"Blocked"),COUNTIFS(UT02_ToChuc!F21:Q21,"A",UT02_ToChuc!F22:Q22,"Passed"),COUNTIFS(UT02_ToChuc!F21:Q21,"A",UT02_ToChuc!F22:Q22,"Failed"),COUNTIFS(UT02_ToChuc!F21:Q21,"A",UT02_ToChuc!F22:Q22,"Blocked"),COUNTIFS(UT03_Workspace_RBAC!F21:T21,"A",UT03_Workspace_RBAC!F22:T22,"Passed"),COUNTIFS(UT03_Workspace_RBAC!F21:T21,"A",UT03_Workspace_RBAC!F22:T22,"Failed"),COUNTIFS(UT03_Workspace_RBAC!F21:T21,"A",UT03_Workspace_RBAC!F22:T22,"Blocked"),COUNTIFS(UT04_Dashboard_DieuHuong!F21:O21,"A",UT04_Dashboard_DieuHuong!F22:O22,"Passed"),COUNTIFS(UT04_Dashboard_DieuHuong!F21:O21,"A",UT04_Dashboard_DieuHuong!F22:O22,"Failed"),COUNTIFS(UT04_Dashboard_DieuHuong!F21:O21,"A",UT04_Dashboard_DieuHuong!F22:O22,"Blocked"),COUNTIFS(UT05_Survey_ThuCong!F21:T21,"A",UT05_Survey_ThuCong!F22:T22,"Passed"),COUNTIFS(UT05_Survey_ThuCong!F21:T21,"A",UT05_Survey_ThuCong!F22:T22,"Failed"),COUNTIFS(UT05_Survey_ThuCong!F21:T21,"A",UT05_Survey_ThuCong!F22:T22,"Blocked"),COUNTIFS(UT06_Import_CSV_XLSX!F21:T21,"A",UT06_Import_CSV_XLSX!F22:T22,"Passed"),COUNTIFS(UT06_Import_CSV_XLSX!F21:T21,"A",UT06_Import_CSV_XLSX!F22:T22,"Failed"),COUNTIFS(UT06_Import_CSV_XLSX!F21:T21,"A",UT06_Import_CSV_XLSX!F22:T22,"Blocked"),COUNTIFS(UT07_TestBank_Adaptive!F21:T21,"A",UT07_TestBank_Adaptive!F22:T22,"Passed"),COUNTIFS(UT07_TestBank_Adaptive!F21:T21,"A",UT07_TestBank_Adaptive!F22:T22,"Failed"),COUNTIFS(UT07_TestBank_Adaptive!F21:T21,"A",UT07_TestBank_Adaptive!F22:T22,"Blocked"),COUNTIFS(UT08_PhanHoi!F21:T21,"A",UT08_PhanHoi!F22:T22,"Passed"),COUNTIFS(UT08_PhanHoi!F21:T21,"A",UT08_PhanHoi!F22:T22,"Failed"),COUNTIFS(UT08_PhanHoi!F21:T21,"A",UT08_PhanHoi!F22:T22,"Blocked"),COUNTIFS(UT09_PhanTich_Insights!F21:T21,"A",UT09_PhanTich_Insights!F22:T22,"Passed"),COUNTIFS(UT09_PhanTich_Insights!F21:T21,"A",UT09_PhanTich_Insights!F22:T22,"Failed"),COUNTIFS(UT09_PhanTich_Insights!F21:T21,"A",UT09_PhanTich_Insights!F22:T22,"Blocked"),COUNTIFS(UT10_AI_TaoSurvey!F21:T21,"A",UT10_AI_TaoSurvey!F22:T22,"Passed"),COUNTIFS(UT10_AI_TaoSurvey!F21:T21,"A",UT10_AI_TaoSurvey!F22:T22,"Failed"),COUNTIFS(UT10_AI_TaoSurvey!F21:T21,"A",UT10_AI_TaoSurvey!F22:T22,"Blocked"),COUNTIFS(UT11_AI_Dich!F21:Q21,"A",UT11_AI_Dich!F22:Q22,"Passed"),COUNTIFS(UT11_AI_Dich!F21:Q21,"A",UT11_AI_Dich!F22:Q22,"Failed"),COUNTIFS(UT11_AI_Dich!F21:Q21,"A",UT11_AI_Dich!F22:Q22,"Blocked"),COUNTIFS(UT12_AI_Sentiment!F21:Q21,"A",UT12_AI_Sentiment!F22:Q22,"Passed"),COUNTIFS(UT12_AI_Sentiment!F21:Q21,"A",UT12_AI_Sentiment!F22:Q22,"Failed"),COUNTIFS(UT12_AI_Sentiment!F21:Q21,"A",UT12_AI_Sentiment!F22:Q22,"Blocked"),COUNTIFS(UT13_AI_TopicTree!F21:T21,"A",UT13_AI_TopicTree!F22:T22,"Passed"),COUNTIFS(UT13_AI_TopicTree!F21:T21,"A",UT13_AI_TopicTree!F22:T22,"Failed"),COUNTIFS(UT13_AI_TopicTree!F21:T21,"A",UT13_AI_TopicTree!F22:T22,"Blocked"),COUNTIFS(UT14_AI_ResultChat!F21:O21,"A",UT14_AI_ResultChat!F22:O22,"Passed"),COUNTIFS(UT14_AI_ResultChat!F21:O21,"A",UT14_AI_ResultChat!F22:O22,"Failed"),COUNTIFS(UT14_AI_ResultChat!F21:O21,"A",UT14_AI_ResultChat!F22:O22,"Blocked"),COUNTIFS(UT15_TichHop!F21:Q21,"A",UT15_TichHop!F22:Q22,"Passed"),COUNTIFS(UT15_TichHop!F21:Q21,"A",UT15_TichHop!F22:Q22,"Failed"),COUNTIFS(UT15_TichHop!F21:Q21,"A",UT15_TichHop!F22:Q22,"Blocked"),COUNTIFS(UT16_API!F21:Q21,"A",UT16_API!F22:Q22,"Passed"),COUNTIFS(UT16_API!F21:Q21,"A",UT16_API!F22:Q22,"Failed"),COUNTIFS(UT16_API!F21:Q21,"A",UT16_API!F22:Q22,"Blocked"),COUNTIFS(UT17_LuuTru_Email!F21:Q21,"A",UT17_LuuTru_Email!F22:Q22,"Passed"),COUNTIFS(UT17_LuuTru_Email!F21:Q21,"A",UT17_LuuTru_Email!F22:Q22,"Failed"),COUNTIFS(UT17_LuuTru_Email!F21:Q21,"A",UT17_LuuTru_Email!F22:Q22,"Blocked"))/H30) -> 0.027777778
A36: Boundary case coverage | C36: =IF(I30=0,0,SUM(COUNTIFS(UT01_XacThuc!F21:Q21,"B",UT01_XacThuc!F22:Q22,"Passed"),COUNTIFS(UT01_XacThuc!F21:Q21,"B",UT01_XacThuc!F22:Q22,"Failed"),COUNTIFS(UT01_XacThuc!F21:Q21,"B",UT01_XacThuc!F22:Q22,"Blocked"),COUNTIFS(UT02_ToChuc!F21:Q21,"B",UT02_ToChuc!F22:Q22,"Passed"),COUNTIFS(UT02_ToChuc!F21:Q21,"B",UT02_ToChuc!F22:Q22,"Failed"),COUNTIFS(UT02_ToChuc!F21:Q21,"B",UT02_ToChuc!F22:Q22,"Blocked"),COUNTIFS(UT03_Workspace_RBAC!F21:T21,"B",UT03_Workspace_RBAC!F22:T22,"Passed"),COUNTIFS(UT03_Workspace_RBAC!F21:T21,"B",UT03_Workspace_RBAC!F22:T22,"Failed"),COUNTIFS(UT03_Workspace_RBAC!F21:T21,"B",UT03_Workspace_RBAC!F22:T22,"Blocked"),COUNTIFS(UT04_Dashboard_DieuHuong!F21:O21,"B",UT04_Dashboard_DieuHuong!F22:O22,"Passed"),COUNTIFS(UT04_Dashboard_DieuHuong!F21:O21,"B",UT04_Dashboard_DieuHuong!F22:O22,"Failed"),COUNTIFS(UT04_Dashboard_DieuHuong!F21:O21,"B",UT04_Dashboard_DieuHuong!F22:O22,"Blocked"),COUNTIFS(UT05_Survey_ThuCong!F21:T21,"B",UT05_Survey_ThuCong!F22:T22,"Passed"),COUNTIFS(UT05_Survey_ThuCong!F21:T21,"B",UT05_Survey_ThuCong!F22:T22,"Failed"),COUNTIFS(UT05_Survey_ThuCong!F21:T21,"B",UT05_Survey_ThuCong!F22:T22,"Blocked"),COUNTIFS(UT06_Import_CSV_XLSX!F21:T21,"B",UT06_Import_CSV_XLSX!F22:T22,"Passed"),COUNTIFS(UT06_Import_CSV_XLSX!F21:T21,"B",UT06_Import_CSV_XLSX!F22:T22,"Failed"),COUNTIFS(UT06_Import_CSV_XLSX!F21:T21,"B",UT06_Import_CSV_XLSX!F22:T22,"Blocked"),COUNTIFS(UT07_TestBank_Adaptive!F21:T21,"B",UT07_TestBank_Adaptive!F22:T22,"Passed"),COUNTIFS(UT07_TestBank_Adaptive!F21:T21,"B",UT07_TestBank_Adaptive!F22:T22,"Failed"),COUNTIFS(UT07_TestBank_Adaptive!F21:T21,"B",UT07_TestBank_Adaptive!F22:T22,"Blocked"),COUNTIFS(UT08_PhanHoi!F21:T21,"B",UT08_PhanHoi!F22:T22,"Passed"),COUNTIFS(UT08_PhanHoi!F21:T21,"B",UT08_PhanHoi!F22:T22,"Failed"),COUNTIFS(UT08_PhanHoi!F21:T21,"B",UT08_PhanHoi!F22:T22,"Blocked"),COUNTIFS(UT09_PhanTich_Insights!F21:T21,"B",UT09_PhanTich_Insights!F22:T22,"Passed"),COUNTIFS(UT09_PhanTich_Insights!F21:T21,"B",UT09_PhanTich_Insights!F22:T22,"Failed"),COUNTIFS(UT09_PhanTich_Insights!F21:T21,"B",UT09_PhanTich_Insights!F22:T22,"Blocked"),COUNTIFS(UT10_AI_TaoSurvey!F21:T21,"B",UT10_AI_TaoSurvey!F22:T22,"Passed"),COUNTIFS(UT10_AI_TaoSurvey!F21:T21,"B",UT10_AI_TaoSurvey!F22:T22,"Failed"),COUNTIFS(UT10_AI_TaoSurvey!F21:T21,"B",UT10_AI_TaoSurvey!F22:T22,"Blocked"),COUNTIFS(UT11_AI_Dich!F21:Q21,"B",UT11_AI_Dich!F22:Q22,"Passed"),COUNTIFS(UT11_AI_Dich!F21:Q21,"B",UT11_AI_Dich!F22:Q22,"Failed"),COUNTIFS(UT11_AI_Dich!F21:Q21,"B",UT11_AI_Dich!F22:Q22,"Blocked"),COUNTIFS(UT12_AI_Sentiment!F21:Q21,"B",UT12_AI_Sentiment!F22:Q22,"Passed"),COUNTIFS(UT12_AI_Sentiment!F21:Q21,"B",UT12_AI_Sentiment!F22:Q22,"Failed"),COUNTIFS(UT12_AI_Sentiment!F21:Q21,"B",UT12_AI_Sentiment!F22:Q22,"Blocked"),COUNTIFS(UT13_AI_TopicTree!F21:T21,"B",UT13_AI_TopicTree!F22:T22,"Passed"),COUNTIFS(UT13_AI_TopicTree!F21:T21,"B",UT13_AI_TopicTree!F22:T22,"Failed"),COUNTIFS(UT13_AI_TopicTree!F21:T21,"B",UT13_AI_TopicTree!F22:T22,"Blocked"),COUNTIFS(UT14_AI_ResultChat!F21:O21,"B",UT14_AI_ResultChat!F22:O22,"Passed"),COUNTIFS(UT14_AI_ResultChat!F21:O21,"B",UT14_AI_ResultChat!F22:O22,"Failed"),COUNTIFS(UT14_AI_ResultChat!F21:O21,"B",UT14_AI_ResultChat!F22:O22,"Blocked"),COUNTIFS(UT15_TichHop!F21:Q21,"B",UT15_TichHop!F22:Q22,"Passed"),COUNTIFS(UT15_TichHop!F21:Q21,"B",UT15_TichHop!F22:Q22,"Failed"),COUNTIFS(UT15_TichHop!F21:Q21,"B",UT15_TichHop!F22:Q22,"Blocked"),COUNTIFS(UT16_API!F21:Q21,"B",UT16_API!F22:Q22,"Passed"),COUNTIFS(UT16_API!F21:Q21,"B",UT16_API!F22:Q22,"Failed"),COUNTIFS(UT16_API!F21:Q21,"B",UT16_API!F22:Q22,"Blocked"),COUNTIFS(UT17_LuuTru_Email!F21:Q21,"B",UT17_LuuTru_Email!F22:Q22,"Passed"),COUNTIFS(UT17_LuuTru_Email!F21:Q21,"B",UT17_LuuTru_Email!F22:Q22,"Failed"),COUNTIFS(UT17_LuuTru_Email!F21:Q21,"B",UT17_LuuTru_Email!F22:Q22,"Blocked"))/I30) -> 0
A37: Release status | C37: =IF((C30+D30+E30)=0,"CHƯA THỰC HIỆN",IF(D30>0,"CHƯA CHẤP NHẬN",IF(E30>0,"CÒN BLOCKED - CẦN QUYẾT ĐỊNH",IF(F30>0,"ĐANG THỰC HIỆN","SẴN SÀNG SIGN-OFF")))) -> CHƯA CHẤP NHẬN

Sheet UT01_XacThuc
A2: Function Code | C2: AUTH-001 | F2: Function Name | H2: Xác thực & Phiên đăng nhập | W2: BẢNG PHÂN LỚP TƯƠNG ĐƯƠNG & GIÁ TRỊ BIÊN
A3: Created By | C3: QA / UAT Team | F3: Executed By | W3: Điều kiện (Condition) | X3: VP – Lớp hợp lệ | Y3: IP – Lớp không hợp lệ | Z3: VB – Biên hợp lệ | AA3: IB – Ngoài biên
A4: Source / Status | C4: Verified | https://github.com/Royal2005-coder/formailab/tree/ef92d78aa86916e6fbf4bc8a43044a4a4328154d/apps/web/modules/auth | W4: Thông tin đăng nhập | X4: Email tồn tại + mật khẩu đúng | Y4: Email không tồn tại / mật khẩu sai | Z4: Dữ liệu vừa đủ để form cho submit | AA4: Bỏ trống trường bắt buộc
A5: Test requirement | C5: Kiểm tra đăng nhập, đăng ký, quên mật khẩu, OAuth, đăng xuất và bảo vệ route. | W5: Định dạng email | X5: Email đúng cú pháp | Y5: Email sai cú pháp | Z5: Địa chỉ ngắn nhất vẫn đúng cú pháp theo validator | AA5: Thiếu phần local/domain
A6: Passed | C6: Failed | E6: Blocked | G6: Untested | I6: N | K6: A | M6: B | O6: Total Test Cases | W6: Mật khẩu | X6: Đạt chính sách hệ thống | Y6: Không đạt chính sách | Z6: Đúng ngưỡng tối thiểu theo cấu hình | AA6: Ngắn hơn ngưỡng 1 ký tự
A7: =COUNTIF(F22:Q22,"Passed") -> 1 | C7: =COUNTIF(F22:Q22,"Failed") -> 1 | E7: =COUNTIF(F22:Q22,"Blocked") -> 1 | G7: =12-A7-C7-E7 -> 9 | I7: =COUNTIF(F21:Q21,"N") -> 5 | K7: =COUNTIF(F21:Q21,"A") -> 5 | M7: =COUNTIF(F21:Q21,"B") -> 2 | O7: 12 | W7: Token đặt lại mật khẩu | X7: Token hợp lệ, còn hiệu lực | Y7: Token sai / đã dùng | Z7: Ngay trước thời điểm hết hạn | AA7: Vừa quá thời điểm hết hạn
W8: Phiên đăng nhập | X8: Session hợp lệ | Y8: Session không tồn tại | Z8: Ngay trước khi session hết hiệu lực | AA8: Session đã hết hiệu lực
F9: AUTH-001 | G9: AUTH-002 | H9: AUTH-003 | I9: AUTH-004 | J9: AUTH-005 | K9: AUTH-006 | L9: AUTH-007 | M9: AUTH-008 | N9: AUTH-009 | O9: AUTH-010 | P9: AUTH-011 | Q9: AUTH-012 | W9: Quy ước: VP = Valid Partition (phân lớp hợp lệ); IP = Invalid Partition (phân lớp không hợp lệ); VB = Valid Boundary (giá trị biên hợp lệ); IB = Invalid/Outside Boundary (ngay ngoài biên). Nếu chức năng không có ngưỡng số cố định, biên được xác định theo validator/quyền/trạng thái cấu hình của hệ thống.
A10: Condition | B10: Tình huống | F10: Đăng nhập đúng email và mật khẩu | G10: Sai mật khẩu | H10: Email chưa đăng ký | I10: Bỏ trống trường bắt buộc | J10: Đăng xuất | K10: Đăng ký tài khoản hợp lệ | L10: Đăng ký bằng email đã tồn tại | M10: Mật khẩu không đạt yêu cầu | N10: Yêu cầu quên mật khẩu | O10: Reset link hết hạn/không hợp lệ | P10: Đăng nhập OAuth thành công | Q10: Truy cập route bảo vệ khi chưa đăng nhập
B11: Tiền điều kiện | F11: Có tài khoản đang hoạt động | G11: Có tài khoản hợp lệ | H11: Không có tài khoản tương ứng | I11: Trang đăng nhập mở được | J11: Đã đăng nhập | K11: Cho phép đăng ký | L11: Email đã có tài khoản | M11: Cho phép đăng ký/đổi mật khẩu | N11: Email tồn tại; SMTP test hoạt động | O11: Có link reset lỗi/hết hạn | P11: OAuth test cấu hình | Q11: Không có session
B12: Input 1 | F12: Email + mật khẩu hợp lệ | G12: Email đúng | H12: Email chưa tồn tại | I12: Email hoặc mật khẩu trống | J12: Thao tác Đăng xuất | K12: Email mới hợp lệ | L12: Email trùng | M12: Mật khẩu quá ngắn/yếu | N12: Email hợp lệ | O12: Token hết hạn | P12: Provider hợp lệ | Q12: URL workspace/survey bảo vệ | W12: BẢNG DỮ LIỆU MẪU THỰC THI — KHÔNG TẠO TEST CASE ĐỘC LẬP
B13: Input 2 | F13: Tài khoản active | G13: Mật khẩu sai | H13: Mật khẩu bất kỳ | I13: - | J13: Session hiện tại | K13: Mật khẩu đạt yêu cầu | L13: Mật khẩu hợp lệ | M13: Email hợp lệ | N13: Forgot password | O13: Mật khẩu mới hợp lệ | P13: User cho phép consent | Q13: - | W13: # | X13: Loại test case | Y13: Dữ liệu nhập / thao tác mẫu | Z13: Kết quả mong đợi | AA13: TC ID
A14: Confirm | B14: Bước 1 | F14: Mở trang Đăng nhập | G14: Mở trang Đăng nhập | H14: Mở Đăng nhập | I14: Để trống một trường | J14: Mở menu tài khoản | K14: Mở Đăng ký | L14: Mở Đăng ký | M14: Nhập mật khẩu không đạt chuẩn | N14: Mở Quên mật khẩu | O14: Mở link reset | P14: Chọn đăng nhập OAuth | Q14: Mở trực tiếp URL bảo vệ | W14: 1 | X14: N – Bình thường | Y14: Input 1: Email + mật khẩu hợp lệ | Input 2: Tài khoản active | Z14: Đăng nhập thành công và vào đúng workspace. | AA14: AUTH-001
B15: Bước 2 | F15: Nhập email và mật khẩu | G15: Nhập email đúng và mật khẩu sai | H15: Nhập dữ liệu | I15: Bấm Đăng nhập | J15: Bấm Đăng xuất | K15: Nhập thông tin | L15: Nhập email trùng | M15: Submit | N15: Nhập email | O15: Nhập mật khẩu mới | P15: Hoàn tất consent | Q15: Quan sát redirect | W15: 2 | X15: A – Bất thường | Y15: Input 1: Email đúng | Input 2: Mật khẩu sai | Z15: Không đăng nhập; thông báo lỗi rõ ràng. | AA15: AUTH-002
B16: Bước 3 | F16: Bấm Đăng nhập | G16: Bấm Đăng nhập | H16: Bấm Đăng nhập | I16: Quan sát validation | J16: Chờ redirect | K16: Xác nhận đăng ký | L16: Bấm tạo tài khoản | M16: Đọc validation | N16: Gửi yêu cầu | O16: Submit | P16: Chờ callback | Q16: Không đăng nhập | W16: 3 | X16: A – Bất thường | Y16: Input 1: Email chưa tồn tại | Input 2: Mật khẩu bất kỳ | Z16: Không đăng nhập; không lộ thông tin nhạy cảm về tài khoản. | AA16: AUTH-003
B17: Bước 4 | F17: Mở một trang trong workspace | G17: Quan sát thông báo | H17: Quan sát kết quả | I17: Thử lại trường còn lại | J17: Mở lại URL bảo vệ | K17: Thực hiện bước xác minh nếu có | L17: Quan sát thông báo | M17: Sửa thành mật khẩu hợp lệ | N17: Kiểm tra inbox test | O17: Quan sát kết quả | P17: Mở workspace | Q17: Thử refresh | W17: 4 | X17: B – Giá trị biên | Y17: Input 1: Email hoặc mật khẩu trống | Input 2: - | Z17: Form chặn submit và chỉ rõ trường bắt buộc. | AA17: AUTH-004
B18: Kết quả mong đợi | F18: Đăng nhập thành công và vào đúng workspace. | G18: Không đăng nhập; thông báo lỗi rõ ràng. | H18: Không đăng nhập; không lộ thông tin nhạy cảm về tài khoản. | I18: Form chặn submit và chỉ rõ trường bắt buộc. | J18: Session bị kết thúc; URL bảo vệ yêu cầu đăng nhập lại. | K18: Tài khoản được tạo theo flow cấu hình. | L18: Không tạo tài khoản thứ hai. | M18: Hệ thống chặn dữ liệu không đạt chính sách và cho phép sửa. | N18: Hệ thống xác nhận và gửi email reset theo cấu hình. | O18: Không đổi mật khẩu; hướng dẫn tạo yêu cầu mới. | P18: Đăng nhập thành công và mapping đúng tài khoản. | Q18: Bị chuyển về đăng nhập/unauthorized; không lộ dữ liệu. | W18: 5 | X18: N – Bình thường | Y18: Input 1: Thao tác Đăng xuất | Input 2: Session hiện tại | Z18: Session bị kết thúc; URL bảo vệ yêu cầu đăng nhập lại. | AA18: AUTH-005
B19: Lỗi / Thông báo | G19: Sai thông tin đăng nhập | H19: Thông tin đăng nhập không hợp lệ | I19: Trường bắt buộc | L19: Email đã được sử dụng hoặc thông báo tương đương | M19: Mật khẩu không hợp lệ | O19: Link không hợp lệ hoặc hết hạn | Q19: Authentication required | W19: 6 | X19: N – Bình thường | Y19: Input 1: Email mới hợp lệ | Input 2: Mật khẩu đạt yêu cầu | Z19: Tài khoản được tạo theo flow cấu hình. | AA19: AUTH-006
B20: Điểm kiểm tra | F20: Không tạo phiên trùng bất thường | G20: Không tạo session | H20: Không lộ dữ liệu user khác | I20: Không gửi request không cần thiết | J20: Không truy cập dữ liệu sau logout | K20: Không tạo trùng | L20: Số user không tăng | M20: Không lưu mật khẩu lỗi | N20: Email/link liên quan đúng user | O20: Mật khẩu cũ vẫn dùng theo trạng thái trước | P20: Không tạo tài khoản trùng ngoài thiết kế | Q20: Không có nội dung riêng tư trong trang | W20: 7 | X20: A – Bất thường | Y20: Input 1: Email trùng | Input 2: Mật khẩu hợp lệ | Z20: Không tạo tài khoản thứ hai. | AA20: AUTH-007
A21: Result | B21: Type (N: Normal, A: Abnormal, B: Boundary) | F21: N | G21: A | H21: A | I21: B | J21: N | K21: N | L21: A | M21: B | N21: N | O21: A | P21: N | Q21: A | W21: 8 | X21: B – Giá trị biên | Y21: Input 1: Mật khẩu quá ngắn/yếu | Input 2: Email hợp lệ | Z21: Hệ thống chặn dữ liệu không đạt chính sách và cho phép sửa. | AA21: AUTH-008
B22: Passed / Failed / Blocked | F22: Passed | G22: Failed | H22: Blocked | W22: 9 | X22: N – Bình thường | Y22: Input 1: Email hợp lệ | Input 2: Forgot password | Z22: Hệ thống xác nhận và gửi email reset theo cấu hình. | AA22: AUTH-009
B23: Executed Date | F23: Ví dụ | G23: Ví dụ | H23: Ví dụ | W23: 10 | X23: A – Bất thường | Y23: Input 1: Token hết hạn | Input 2: Mật khẩu mới hợp lệ | Z23: Không đổi mật khẩu; hướng dẫn tạo yêu cầu mới. | AA23: AUTH-010
B24: Defect ID | F24: Ví dụ | G24: Ví dụ | H24: Ví dụ | W24: 11 | X24: N – Bình thường | Y24: Input 1: Provider hợp lệ | Input 2: User cho phép consent | Z24: Đăng nhập thành công và mapping đúng tài khoản. | AA24: AUTH-011
W25: 12 | X25: A – Bất thường | Y25: Input 1: URL workspace/survey bảo vệ | Input 2: - | Z25: Bị chuyển về đăng nhập/unauthorized; không lộ dữ liệu. | AA25: AUTH-012

Sheet UT02_ToChuc
A2: Function Code | C2: ORG-001 | F2: Function Name | H2: Tổ chức, Thành viên & Nhóm | W2: BẢNG PHÂN LỚP TƯƠNG ĐƯƠNG & GIÁ TRỊ BIÊN
A3: Created By | C3: QA / UAT Team | F3: Executed By | W3: Điều kiện (Condition) | X3: VP – Lớp hợp lệ | Y3: IP – Lớp không hợp lệ | Z3: VB – Biên hợp lệ | AA3: IB – Ngoài biên
A4: Source / Status | C4: Verified | https://github.com/Royal2005-coder/formailab/tree/ef92d78aa86916e6fbf4bc8a43044a4a4328154d/apps/web/modules/organization | W4: Email mời thành viên | X4: Email mới, đúng định dạng | Y4: Email sai / đã là thành viên | Z4: Invitation còn hiệu lực | AA4: Invitation vừa hết hạn
A5: Test requirement | C5: Kiểm tra vòng đời tổ chức, mời thành viên, vai trò, nhóm và quyền quản trị tổ chức. | W5: Vai trò thành viên | X5: Role được phép theo quyền người thao tác | Y5: Role/ thao tác vượt quyền | Z5: Thay đổi role nhưng tổ chức vẫn còn ≥1 owner | AA5: Cố loại/hạ quyền owner cuối cùng
A6: Passed | C6: Failed | E6: Blocked | G6: Untested | I6: N | K6: A | M6: B | O6: Total Test Cases | W6: Số Owner còn lại | X6: ≥2 owner trước khi remove 1 | Y6: Trạng thái không hợp lệ: 0 owner | Z6: 2 owner → remove 1, còn 1 | AA6: 1 owner → cố remove owner cuối
A7: =COUNTIF(F22:Q22,"Passed") -> 0 | C7: =COUNTIF(F22:Q22,"Failed") -> 0 | E7: =COUNTIF(F22:Q22,"Blocked") -> 0 | G7: =12-A7-C7-E7 -> 12 | I7: =COUNTIF(F21:Q21,"N") -> 7 | K7: =COUNTIF(F21:Q21,"A") -> 5 | M7: =COUNTIF(F21:Q21,"B") -> 0 | O7: 12 | W7: Tên tổ chức/nhóm | X7: Có nội dung hợp lệ | Y7: Rỗng / không hợp lệ | Z7: Giá trị vừa đủ theo validator | AA7: Ngoài giới hạn validator
W8: Quy ước: VP = Valid Partition (phân lớp hợp lệ); IP = Invalid Partition (phân lớp không hợp lệ); VB = Valid Boundary (giá trị biên hợp lệ); IB = Invalid/Outside Boundary (ngay ngoài biên). Nếu chức năng không có ngưỡng số cố định, biên được xác định theo validator/quyền/trạng thái cấu hình của hệ thống.
F9: ORG-001 | G9: ORG-002 | H9: ORG-003 | I9: ORG-004 | J9: ORG-005 | K9: ORG-006 | L9: ORG-007 | M9: ORG-008 | N9: ORG-009 | O9: ORG-010 | P9: ORG-011 | Q9: ORG-012
A10: Condition | B10: Tình huống | F10: Tạo tổ chức mới | G10: Đổi tên tổ chức | H10: Mời thành viên bằng email hợp lệ | I10: Mời email đã là thành viên | J10: Chấp nhận lời mời hợp lệ | K10: Invitation hết hạn/không hợp lệ | L10: Đổi vai trò thành viên | M10: Member thường không đổi role người khác | N10: Xóa thành viên khỏi tổ chức | O10: Không cho remove owner cuối cùng | P10: Tạo/đổi tên nhóm hoặc team | Q10: Trang billing chỉ người có quyền truy cập
B11: Tiền điều kiện | F11: User có quyền tạo org | G11: Owner/Manager | H11: Có quyền mời | I11: Email đã thuộc org | J11: Có invitation còn hiệu lực | K11: Có link lỗi/hết hạn | L11: Owner/Manager; có member | M11: Đăng nhập member thường | N11: Owner/Manager; target member | O11: Chỉ còn 1 owner | P11: Org hỗ trợ nhóm/team; có quyền | Q11: Có user manager/member | W11: BẢNG DỮ LIỆU MẪU THỰC THI — KHÔNG TẠO TEST CASE ĐỘC LẬP
B12: Input 1 | F12: Tên tổ chức hợp lệ | G12: Tên mới hợp lệ | H12: Email mới | I12: Email trùng member | J12: Invitation link | K12: Invitation token lỗi | L12: Member hiện tại | M12: Target member | N12: Member cần remove | O12: Owner cuối cùng | P12: Tên nhóm hợp lệ | Q12: Billing settings | W12: # | X12: Loại test case | Y12: Dữ liệu nhập / thao tác mẫu | Z12: Kết quả mong đợi | AA12: TC ID
B13: Input 2 | F13: - | G13: - | H13: Role/member permission | I13: Role bất kỳ | J13: Tài khoản đúng email | K13: - | L13: Role mới | M13: Thao tác đổi role | N13: - | O13: Remove | P13: Members | Q13: Role không phù hợp | W13: 1 | X13: N – Bình thường | Y13: Input 1: Tên tổ chức hợp lệ | Input 2: - | Z13: Tổ chức được tạo và user có quyền owner theo flow. | AA13: ORG-001
A14: Confirm | B14: Bước 1 | F14: Mở tạo tổ chức | G14: Mở Settings tổ chức | H14: Mở Members | I14: Mở Invite | J14: Mở link mời | K14: Mở link | L14: Mở Members | M14: Mở Members | N14: Mở Members | O14: Mở Members | P14: Mở phần Groups/Teams | Q14: Đăng nhập member | W14: 2 | X14: N – Bình thường | Y14: Input 1: Tên mới hợp lệ | Input 2: - | Z14: Tên mới được giữ sau refresh. | AA14: ORG-002
B15: Bước 2 | F15: Nhập tên | G15: Sửa tên | H15: Chọn Invite | I15: Nhập email trùng | J15: Đăng nhập nếu cần | K15: Quan sát thông báo | L15: Chọn thành viên | M15: Tìm control quản trị | N15: Chọn Remove | O15: Thử remove/downgrade owner cuối | P15: Tạo nhóm | Q15: Mở Billing URL/menu | W15: 3 | X15: N – Bình thường | Y15: Input 1: Email mới | Input 2: Role/member permission | Z15: Invitation được tạo/gửi đúng email và role. | AA15: ORG-003
B16: Bước 3 | F16: Bấm Tạo | G16: Lưu | H16: Nhập email/role | I16: Gửi | J16: Chấp nhận | K16: Không thực hiện join | L16: Đổi role | M16: Thử thay đổi nếu UI cho phép | N16: Xác nhận | O16: Xác nhận nếu có | P16: Thêm member | Q16: Quan sát quyền | W16: 4 | X16: A – Bất thường | Y16: Input 1: Email trùng member | Input 2: Role bất kỳ | Z16: Không tạo invitation/member trùng. | AA16: ORG-004
B17: Bước 4 | F17: Mở tổ chức vừa tạo | G17: Refresh trang | H17: Gửi lời mời | I17: Quan sát lỗi | J17: Mở tổ chức | K17: Quay về app | L17: Đăng nhập lại bằng member để kiểm tra | M17: Quan sát kết quả | N17: Target refresh/relogin | O17: Quan sát | P17: Đổi tên và lưu | Q17: Không thay đổi plan | W17: 5 | X17: N – Bình thường | Y17: Input 1: Invitation link | Input 2: Tài khoản đúng email | Z17: User trở thành member đúng org/role. | AA17: ORG-005
B18: Kết quả mong đợi | F18: Tổ chức được tạo và user có quyền owner theo flow. | G18: Tên mới được giữ sau refresh. | H18: Invitation được tạo/gửi đúng email và role. | I18: Không tạo invitation/member trùng. | J18: User trở thành member đúng org/role. | K18: Không thêm member; hiển thị lý do dễ hiểu. | L18: Role mới được áp dụng đúng quyền. | M18: Control bị ẩn/vô hiệu hoặc backend từ chối. | N18: Member bị loại và mất quyền truy cập org. | O18: Hệ thống chặn trạng thái không có owner. | P18: Nhóm/team và membership được lưu đúng. | Q18: User không đủ quyền bị chặn/không thấy thao tác nhạy cảm. | W18: 6 | X18: A – Bất thường | Y18: Input 1: Invitation token lỗi | Input 2: - | Z18: Không thêm member; hiển thị lý do dễ hiểu. | AA18: ORG-006
B19: Lỗi / Thông báo | I19: Thành viên đã tồn tại | K19: Invitation không hợp lệ/hết hạn | M19: Authorization error | O19: Không thể loại owner cuối cùng | Q19: Authorization | W19: 7 | X19: N – Bình thường | Y19: Input 1: Member hiện tại | Input 2: Role mới | Z19: Role mới được áp dụng đúng quyền. | AA19: ORG-007
B20: Điểm kiểm tra | F20: Organization ID mới | G20: Không đổi organization ID | H20: Không tạo member trước khi flow cho phép | I20: Số member không tăng | J20: Invitation chuyển trạng thái hoàn tất | K20: Không lộ org ngoài quyền | L20: Không giữ quyền cũ sau refresh | M20: Không thay role | N20: Không xóa dữ liệu org | O20: Owner vẫn tồn tại | P20: Không tạo duplicate ngoài thiết kế | Q20: Không lộ thông tin thanh toán nhạy cảm | W20: 8 | X20: A – Bất thường | Y20: Input 1: Target member | Input 2: Thao tác đổi role | Z20: Control bị ẩn/vô hiệu hoặc backend từ chối. | AA20: ORG-008
A21: Result | B21: Type (N: Normal, A: Abnormal, B: Boundary) | F21: N | G21: N | H21: N | I21: A | J21: N | K21: A | L21: N | M21: A | N21: N | O21: A | P21: N | Q21: A | W21: 9 | X21: N – Bình thường | Y21: Input 1: Member cần remove | Input 2: - | Z21: Member bị loại và mất quyền truy cập org. | AA21: ORG-009
B22: Passed / Failed / Blocked | W22: 10 | X22: A – Bất thường | Y22: Input 1: Owner cuối cùng | Input 2: Remove | Z22: Hệ thống chặn trạng thái không có owner. | AA22: ORG-010
B23: Executed Date | W23: 11 | X23: N – Bình thường | Y23: Input 1: Tên nhóm hợp lệ | Input 2: Members | Z23: Nhóm/team và membership được lưu đúng. | AA23: ORG-011
B24: Defect ID | W24: 12 | X24: A – Bất thường | Y24: Input 1: Billing settings | Input 2: Role không phù hợp | Z24: User không đủ quyền bị chặn/không thấy thao tác nhạy cảm. | AA24: ORG-012

Sheet UT03_Workspace_RBAC
A2: Function Code | C2: WKSP-001 | F2: Function Name | H2: Workspace & Phân quyền truy cập | W2: BẢNG PHÂN LỚP TƯƠNG ĐƯƠNG & GIÁ TRỊ BIÊN
A3: Created By | C3: QA / UAT Team | F3: Executed By | W3: Điều kiện (Condition) | X3: VP – Lớp hợp lệ | Y3: IP – Lớp không hợp lệ | Z3: VB – Biên hợp lệ | AA3: IB – Ngoài biên
A4: Source / Status | C4: Verified | https://github.com/Royal2005-coder/formailab/tree/ef92d78aa86916e6fbf4bc8a43044a4a4328154d/apps/web/app/(app)/workspaces | W4: Quyền workspace | X4: readWrite/owner/manager đúng phạm vi | Y4: Không có quyền | Z4: read: chỉ được xem | AA4: Cross-workspace / URL ngoài phạm vi
A5: Test requirement | C5: Kiểm tra CRUD workspace, chuyển context, read/readWrite và cách ly dữ liệu giữa workspace. | W5: Truy cập workspace | X5: Workspace tồn tại và user có access | Y5: Workspace không tồn tại / không access | Z5: Refresh đúng workspace hiện tại | AA5: Mở trực tiếp workspace khác
A6: Passed | C6: Failed | E6: Blocked | G6: Untested | I6: N | K6: A | M6: B | O6: Total Test Cases | W6: Thao tác ghi | X6: User có readWrite | Y6: User chỉ read/no access | Z6: Quyền vừa bị đổi readWrite → read | AA6: Tiếp tục dùng quyền cũ sau khi đã bị thu hồi
A7: =COUNTIF(F22:T22,"Passed") -> 0 | C7: =COUNTIF(F22:T22,"Failed") -> 0 | E7: =COUNTIF(F22:T22,"Blocked") -> 0 | G7: =15-A7-C7-E7 -> 15 | I7: =COUNTIF(F21:T21,"N") -> 9 | K7: =COUNTIF(F21:T21,"A") -> 4 | M7: =COUNTIF(F21:T21,"B") -> 2 | O7: 15 | W7: Xóa workspace | X7: Đúng workspace + xác nhận | Y7: Sai workspace / không đủ quyền | Z7: Hủy ở modal xác nhận | AA7: Cố xóa bằng user không có quyền
W8: Quy ước: VP = Valid Partition (phân lớp hợp lệ); IP = Invalid Partition (phân lớp không hợp lệ); VB = Valid Boundary (giá trị biên hợp lệ); IB = Invalid/Outside Boundary (ngay ngoài biên). Nếu chức năng không có ngưỡng số cố định, biên được xác định theo validator/quyền/trạng thái cấu hình của hệ thống.
F9: WKSP-001 | G9: WKSP-002 | H9: WKSP-003 | I9: WKSP-004 | J9: WKSP-005 | K9: WKSP-006 | L9: WKSP-007 | M9: WKSP-008 | N9: WKSP-009 | O9: WKSP-010 | P9: WKSP-011 | Q9: WKSP-012 | R9: WKSP-013 | S9: WKSP-014 | T9: WKSP-015
A10: Condition | B10: Tình huống | F10: Tạo workspace | G10: Đổi tên workspace | H10: Chuyển giữa workspace A và B | I10: Read-only xem danh sách survey | J10: Read-only không tạo survey | K10: readWrite tạo/sửa survey được | L10: Owner/Manager sử dụng AI LAB import | M10: Cross-workspace URL bị chặn | N10: Workspace ID không tồn tại | O10: Xóa workspace có xác nhận | P10: Hủy xóa workspace | Q10: Đổi quyền readWrite → read có hiệu lực | R10: Xóa user khỏi workspace thu hồi quyền | S10: Dữ liệu survey cách ly giữa A/B | T10: Refresh giữ đúng workspace context
B11: Tiền điều kiện | F11: Có quyền quản trị tổ chức | G11: Có quyền ghi | H11: User có quyền cả A/B | I11: Permission=read | J11: Permission=read | K11: Permission=readWrite | L11: Role owner/manager hoặc readWrite | M11: User chỉ có A | N11: Đăng nhập | O11: Owner; workspace có thể xóa | P11: Modal delete đang mở | Q11: Admin có thể đổi permission | R11: User đang có quyền | S11: A/B đều có survey | T11: Đang ở route workspace sâu | W11: BẢNG DỮ LIỆU MẪU THỰC THI — KHÔNG TẠO TEST CASE ĐỘC LẬP
B12: Input 1 | F12: Tên workspace hợp lệ | G12: Tên mới | H12: Workspace A | I12: Workspace A | J12: Create survey | K12: Survey draft | L12: File CSV hợp lệ | M12: URL workspace B | N12: workspaceId giả | O12: Workspace test | P12: Cancel | Q12: Member | R12: Member | S12: Survey A | T12: Route survey/analysis | W12: # | X12: Loại test case | Y12: Dữ liệu nhập / thao tác mẫu | Z12: Kết quả mong đợi | AA12: TC ID
B13: Input 2 | F13: Org hiện tại | G13: Workspace A | H13: Workspace B | I13: Surveys | J13: Workspace A | K13: Workspace A | L13: Workspace A | M13: - | N13: URL trực tiếp | O13: Confirm text/modal | P13: Workspace test | Q13: readWrite → read | R13: Remove access | S13: Workspace B | T13: Refresh | W13: 1 | X13: N – Bình thường | Y13: Input 1: Tên workspace hợp lệ | Input 2: Org hiện tại | Z13: Workspace mới xuất hiện và vào được. | AA13: WKSP-001
A14: Confirm | B14: Bước 1 | F14: Mở tạo workspace | G14: Mở Workspace settings | H14: Mở A | I14: Đăng nhập read-only | J14: Đăng nhập read-only | K14: Đăng nhập readWrite | L14: Mở AI LAB import | M14: Đăng nhập user A | N14: Nhập URL sai ID | O14: Mở Settings | P14: Mở Delete | Q14: Admin đổi permission | R14: Admin remove user | S14: Mở B | T14: Mở route | W14: 2 | X14: N – Bình thường | Y14: Input 1: Tên mới | Input 2: Workspace A | Z14: Tên mới được giữ. | AA14: WKSP-002
B15: Bước 2 | F15: Nhập tên | G15: Đổi tên | H15: Chuyển sang B | I15: Mở workspace | J15: Mở Surveys | K15: Tạo survey | L15: Validate file | M15: Mở URL B trực tiếp | N15: Mở | O15: Chọn Delete | P15: Bấm Cancel | Q15: Member refresh/relogin | R15: User refresh | S15: Tìm ID/tên survey A | T15: Refresh trình duyệt | W15: 3 | X15: N – Bình thường | Y15: Input 1: Workspace A | Input 2: Workspace B | Z15: Context và dữ liệu thay đổi đúng workspace. | AA15: WKSP-003
B16: Bước 3 | F16: Bấm Tạo | G16: Lưu | H16: Kiểm tra route/dữ liệu | I16: Mở Surveys | J16: Tìm/nhấn Create | K16: Sửa một câu | L16: Commit | M16: Quan sát | N16: Quan sát | O16: Xác nhận đúng | P16: Refresh | Q16: Member thử write | R16: User mở workspace URL | S16: Mở direct URL survey A trong context B | T16: Chờ tải | W16: 4 | X16: N – Bình thường | Y16: Input 1: Workspace A | Input 2: Surveys | Z16: User xem được dữ liệu được phép đọc. | AA16: WKSP-004
B17: Bước 4 | F17: Mở workspace | G17: Refresh | H17: Quay lại A | I17: Mở một survey | J17: Quan sát | K17: Lưu | L17: Mở survey mới | M17: Thử route con | N17: Quay lại app | O17: Kiểm tra danh sách | P17: Kiểm tra danh sách | Q17: Member thử read | R17: Quan sát | S17: Quan sát | T17: Kiểm tra breadcrumb/url | W17: 5 | X17: A – Bất thường | Y17: Input 1: Create survey | Input 2: Workspace A | Z17: Nút bị ẩn/vô hiệu hoặc backend từ chối. | AA17: WKSP-005
B18: Kết quả mong đợi | F18: Workspace mới xuất hiện và vào được. | G18: Tên mới được giữ. | H18: Context và dữ liệu thay đổi đúng workspace. | I18: User xem được dữ liệu được phép đọc. | J18: Nút bị ẩn/vô hiệu hoặc backend từ chối. | K18: Thao tác write thành công. | L18: Import được phép theo quyền. | M18: Không xem được dữ liệu B. | N18: Hiển thị not found/redirect an toàn. | O18: Workspace bị xóa theo policy; không còn truy cập. | P18: Workspace vẫn tồn tại nguyên trạng. | Q18: Read vẫn hoạt động; write bị chặn. | R18: Quyền bị thu hồi ngay theo session policy. | S18: Không truy cập survey A từ B trái quyền. | T18: Context không bị nhảy sang workspace mặc định khác. | W18: 6 | X18: N – Bình thường | Y18: Input 1: Survey draft | Input 2: Workspace A | Z18: Thao tác write thành công. | AA18: WKSP-006
B19: Lỗi / Thông báo | J19: Authorization | M19: Authorization/Not found | N19: Không tìm thấy | Q19: Authorization khi write | R19: Authorization | S19: Authorization/Not found | W19: 7 | X19: N – Bình thường | Y19: Input 1: File CSV hợp lệ | Input 2: Workspace A | Z19: Import được phép theo quyền. | AA19: WKSP-007
B20: Điểm kiểm tra | F20: Workspace ID mới | G20: ID không đổi | H20: Không giữ dữ liệu A trên B | I20: Không có thao tác write | J20: Không tạo survey | K20: Dữ liệu thuộc đúng workspace | L20: Audit/context đúng workspace | M20: Không lộ tên/survey B | N20: Không crash toàn app | O20: Không xóa nhầm workspace | P20: Không gọi delete | Q20: Không dùng quyền cache cũ | R20: Không còn data access | S20: Không cross-tenant leak | T20: URL và dữ liệu thống nhất | W20: 8 | X20: A – Bất thường | Y20: Input 1: URL workspace B | Input 2: - | Z20: Không xem được dữ liệu B. | AA20: WKSP-008
A21: Result | B21: Type (N: Normal, A: Abnormal, B: Boundary) | F21: N | G21: N | H21: N | I21: N | J21: A | K21: N | L21: N | M21: A | N21: A | O21: N | P21: B | Q21: N | R21: N | S21: A | T21: B | W21: 9 | X21: A – Bất thường | Y21: Input 1: workspaceId giả | Input 2: URL trực tiếp | Z21: Hiển thị not found/redirect an toàn. | AA21: WKSP-009
B22: Passed / Failed / Blocked | W22: 10 | X22: N – Bình thường | Y22: Input 1: Workspace test | Input 2: Confirm text/modal | Z22: Workspace bị xóa theo policy; không còn truy cập. | AA22: WKSP-010
B23: Executed Date | W23: 11 | X23: B – Giá trị biên | Y23: Input 1: Cancel | Input 2: Workspace test | Z23: Workspace vẫn tồn tại nguyên trạng. | AA23: WKSP-011
B24: Defect ID | W24: 12 | X24: N – Bình thường | Y24: Input 1: Member | Input 2: readWrite → read | Z24: Read vẫn hoạt động; write bị chặn. | AA24: WKSP-012
W25: 13 | X25: N – Bình thường | Y25: Input 1: Member | Input 2: Remove access | Z25: Quyền bị thu hồi ngay theo session policy. | AA25: WKSP-013
W26: 14 | X26: A – Bất thường | Y26: Input 1: Survey A | Input 2: Workspace B | Z26: Không truy cập survey A từ B trái quyền. | AA26: WKSP-014
W27: 15 | X27: B – Giá trị biên | Y27: Input 1: Route survey/analysis | Input 2: Refresh | Z27: Context không bị nhảy sang workspace mặc định khác. | AA27: WKSP-015

Sheet UT04_Dashboard_DieuHuong
A2: Function Code | C2: NAV-001 | F2: Function Name | H2: Dashboard, Danh sách & Điều hướng | W2: BẢNG PHÂN LỚP TƯƠNG ĐƯƠNG & GIÁ TRỊ BIÊN
A3: Created By | C3: QA / UAT Team | F3: Executed By | W3: Điều kiện (Condition) | X3: VP – Lớp hợp lệ | Y3: IP – Lớp không hợp lệ | Z3: VB – Biên hợp lệ | AA3: IB – Ngoài biên
A4: Source / Status | C4: Verified | https://github.com/Royal2005-coder/formailab/tree/ef92d78aa86916e6fbf4bc8a43044a4a4328154d/apps/web/modules/survey/list/components/survey-list.tsx | W4: Số survey trong workspace | X4: ≥1 survey | Y4: Survey ID không tồn tại | Z4: 0 survey → hiển thị empty state | AA4: URL trỏ survey không tồn tại
A5: Test requirement | C5: Kiểm tra hành trình từ workspace đến Surveys, AI LAB, Responses và Analysis. | W5: Context điều hướng | X5: URL và workspace/survey hợp lệ | Y5: Context sai / không quyền | Z5: Refresh tại route sâu | AA5: Back/Forward sang context khác
A6: Passed | C6: Failed | E6: Blocked | G6: Untested | I6: N | K6: A | M6: B | O6: Total Test Cases | W6: Tên survey | X6: Tên trong giới hạn field | Y6: Tên không hợp lệ | Z6: Tên rất dài nhưng vẫn trong giới hạn | AA6: Vượt giới hạn cấu hình
A7: =COUNTIF(F22:O22,"Passed") -> 0 | C7: =COUNTIF(F22:O22,"Failed") -> 0 | E7: =COUNTIF(F22:O22,"Blocked") -> 0 | G7: =10-A7-C7-E7 -> 10 | I7: =COUNTIF(F21:O21,"N") -> 5 | K7: =COUNTIF(F21:O21,"A") -> 1 | M7: =COUNTIF(F21:O21,"B") -> 4 | O7: 10 | W7: Entry point chức năng | X7: Menu/CTA khả dụng theo quyền | Y7: Route không tồn tại | Z7: User read chỉ thấy chức năng đọc | AA7: User read cố mở chức năng ghi
W8: Quy ước: VP = Valid Partition (phân lớp hợp lệ); IP = Invalid Partition (phân lớp không hợp lệ); VB = Valid Boundary (giá trị biên hợp lệ); IB = Invalid/Outside Boundary (ngay ngoài biên). Nếu chức năng không có ngưỡng số cố định, biên được xác định theo validator/quyền/trạng thái cấu hình của hệ thống.
F9: NAV-001 | G9: NAV-002 | H9: NAV-003 | I9: NAV-004 | J9: NAV-005 | K9: NAV-006 | L9: NAV-007 | M9: NAV-008 | N9: NAV-009 | O9: NAV-010
A10: Condition | B10: Tình huống | F10: Mở danh sách khảo sát | G10: Mở survey từ danh sách | H10: Mở luồng tạo survey | I10: Mở AI LAB Survey | J10: Mở Responses/Analysis | K10: Workspace chưa có survey | L10: Tên survey rất dài | M10: Survey ID không tồn tại | N10: Back/Forward trình duyệt | O10: Refresh trang sâu
B11: Tiền điều kiện | F11: Đăng nhập | G11: Có survey | H11: Có quyền tạo | I11: Feature AI LAB khả dụng | J11: Survey có phản hồi | K11: Workspace mới | L11: Có survey tên dài | M11: Đăng nhập | N11: Đã mở nhiều route | O11: Đang ở Analysis hoặc editor | W11: BẢNG DỮ LIỆU MẪU THỰC THI — KHÔNG TẠO TEST CASE ĐỘC LẬP
B12: Input 1 | F12: Workspace hợp lệ | G12: Survey đã tồn tại | H12: Create survey | I12: AI LAB Survey | J12: Responses | K12: 0 survey | L12: 200+ ký tự | M12: surveyId giả | N12: Surveys → AI LAB → Analysis | O12: Refresh | W12: # | X12: Loại test case | Y12: Dữ liệu nhập / thao tác mẫu | Z12: Kết quả mong đợi | AA12: TC ID
B13: Input 2 | F13: Surveys | G13: Click survey | H13: - | I13: Workspace | J13: Analysis | K13: Surveys | L13: Danh sách survey | M13: URL direct | N13: Back/Forward | O13: Route sâu | W13: 1 | X13: N – Bình thường | Y13: Input 1: Workspace hợp lệ | Input 2: Surveys | Z13: Danh sách/empty state hiển thị thành công. | AA13: NAV-001
A14: Confirm | B14: Bước 1 | F14: Chọn workspace | G14: Mở Surveys | H14: Mở Surveys | I14: Mở menu workspace | J14: Mở survey | K14: Mở workspace | L14: Mở Surveys | M14: Mở URL sai surveyId | N14: Đi qua 3 route | O14: Mở route | W14: 2 | X14: N – Bình thường | Y14: Input 1: Survey đã tồn tại | Input 2: Click survey | Z14: Đi đúng survey đã chọn. | AA14: NAV-002
B15: Bước 2 | F15: Mở Surveys | G15: Chọn survey | H15: Bấm Create | I15: Chọn AI LAB | J15: Mở Responses | K15: Mở Surveys | L15: Quan sát row/card | M15: Quan sát | N15: Bấm Back | O15: Refresh | W15: 3 | X15: N – Bình thường | Y15: Input 1: Create survey | Input 2: - | Z15: Hiển thị Start from scratch/template/AI theo cấu hình. | AA15: NAV-003
B16: Bước 3 | F16: Chờ tải | G16: Kiểm tra URL | H16: Quan sát lựa chọn | I16: Chờ tải | J16: Mở Analysis | K16: Quan sát empty state | L16: Resize cửa sổ | M16: Back | N16: Bấm Forward | O16: Chờ tải | W16: 4 | X16: N – Bình thường | Y16: Input 1: AI LAB Survey | Input 2: Workspace | Z16: Trang AI LAB tải đúng workspace. | AA16: NAV-004
B17: Bước 4 | F17: Quan sát danh sách | G17: Kiểm tra tiêu đề | H17: Chọn một phương thức | I17: Kiểm tra context | J17: Đối chiếu survey | K17: Bấm CTA nếu có | L17: Mở survey | M17: Mở survey hợp lệ | N17: Quan sát state | O17: Đối chiếu context | W17: 5 | X17: N – Bình thường | Y17: Input 1: Responses | Input 2: Analysis | Z17: Dữ liệu đúng survey hiện tại. | AA17: NAV-005
B18: Kết quả mong đợi | F18: Danh sách/empty state hiển thị thành công. | G18: Đi đúng survey đã chọn. | H18: Hiển thị Start from scratch/template/AI theo cấu hình. | I18: Trang AI LAB tải đúng workspace. | J18: Dữ liệu đúng survey hiện tại. | K18: Empty state rõ ràng, có hướng dẫn tạo survey. | L18: Tên wrap/truncate hợp lý; thao tác vẫn dùng được. | M18: Not found/redirect an toàn. | N18: UI đồng bộ với URL ở mỗi bước. | O18: Trang phục hồi đúng state server-side cần thiết. | W18: 6 | X18: B – Giá trị biên | Y18: Input 1: 0 survey | Input 2: Surveys | Z18: Empty state rõ ràng, có hướng dẫn tạo survey. | AA18: NAV-006
B19: Lỗi / Thông báo | M19: Không tìm thấy survey | W19: 7 | X19: B – Giá trị biên | Y19: Input 1: 200+ ký tự | Input 2: Danh sách survey | Z19: Tên wrap/truncate hợp lý; thao tác vẫn dùng được. | AA19: NAV-007
B20: Điểm kiểm tra | F20: Không lỗi trang | G20: ID/tiêu đề đúng | H20: Không route sai | I20: Không 404/403 với user có quyền | J20: Không lẫn survey khác | K20: Không hiển thị lỗi kỹ thuật | L20: Không phá layout | M20: Không crash | N20: Không vòng lặp redirect | O20: Không mất quyền/context | W20: 8 | X20: A – Bất thường | Y20: Input 1: surveyId giả | Input 2: URL direct | Z20: Not found/redirect an toàn. | AA20: NAV-008
A21: Result | B21: Type (N: Normal, A: Abnormal, B: Boundary) | F21: N | G21: N | H21: N | I21: N | J21: N | K21: B | L21: B | M21: A | N21: B | O21: B | W21: 9 | X21: B – Giá trị biên | Y21: Input 1: Surveys → AI LAB → Analysis | Input 2: Back/Forward | Z21: UI đồng bộ với URL ở mỗi bước. | AA21: NAV-009
B22: Passed / Failed / Blocked | W22: 10 | X22: B – Giá trị biên | Y22: Input 1: Refresh | Input 2: Route sâu | Z22: Trang phục hồi đúng state server-side cần thiết. | AA22: NAV-010
B23: Executed Date
B24: Defect ID

Sheet UT05_Survey_ThuCong
A2: Function Code | C2: SURV-001 | F2: Function Name | H2: Tạo khảo sát thủ công, Editor & Publish | W2: BẢNG PHÂN LỚP TƯƠNG ĐƯƠNG & GIÁ TRỊ BIÊN
A3: Created By | C3: QA / UAT Team | F3: Executed By | W3: Điều kiện (Condition) | X3: VP – Lớp hợp lệ | Y3: IP – Lớp không hợp lệ | Z3: VB – Biên hợp lệ | AA3: IB – Ngoài biên
A4: Source / Status | C4: Verified | https://github.com/Royal2005-coder/formailab/tree/ef92d78aa86916e6fbf4bc8a43044a4a4328154d/apps/web/modules/survey | W4: Câu bắt buộc | X4: Có câu trả lời hợp lệ | Y4: Bỏ trống | Z4: Giá trị vừa đủ để pass validation | AA4: Rỗng / null
A5: Test requirement | C5: Kiểm tra vòng đời survey thủ công từ tạo mới đến câu hỏi, preview, publish, archive và xóa. | W5: Rating 1–5 | X5: 2–4 | Y5: Ngoài 1–5 / sai kiểu | Z5: 1 hoặc 5 | AA5: 0 hoặc 6
A6: Passed | C6: Failed | E6: Blocked | G6: Untested | I6: N | K6: A | M6: B | O6: Total Test Cases | W6: NPS 0–10 | X6: 1–9 | Y6: Ngoài 0–10 / sai kiểu | Z6: 0 hoặc 10 | AA6: -1 hoặc 11
A7: =COUNTIF(F22:T22,"Passed") -> 0 | C7: =COUNTIF(F22:T22,"Failed") -> 0 | E7: =COUNTIF(F22:T22,"Blocked") -> 0 | G7: =15-A7-C7-E7 -> 15 | I7: =COUNTIF(F21:T21,"N") -> 13 | K7: =COUNTIF(F21:T21,"A") -> 2 | M7: =COUNTIF(F21:T21,"B") -> 0 | O7: 15 | W7: Logic hiển thị | X7: Điều kiện trả về TRUE | Y7: Biểu thức/target không hợp lệ | Z7: Giá trị đúng tại ngưỡng điều kiện | AA7: Giá trị ngay ngoài ngưỡng
W8: Slug / tên survey | X8: Duy nhất, hợp lệ | Y8: Trùng / sai validator | Z8: Giá trị tại giới hạn cấu hình | AA8: Vượt giới hạn cấu hình
F9: SURV-001 | G9: SURV-002 | H9: SURV-003 | I9: SURV-004 | J9: SURV-005 | K9: SURV-006 | L9: SURV-007 | M9: SURV-008 | N9: SURV-009 | O9: SURV-010 | P9: SURV-011 | Q9: SURV-012 | R9: SURV-013 | S9: SURV-014 | T9: SURV-015 | W9: Quy ước: VP = Valid Partition (phân lớp hợp lệ); IP = Invalid Partition (phân lớp không hợp lệ); VB = Valid Boundary (giá trị biên hợp lệ); IB = Invalid/Outside Boundary (ngay ngoài biên). Nếu chức năng không có ngưỡng số cố định, biên được xác định theo validator/quyền/trạng thái cấu hình của hệ thống.
A10: Condition | B10: Tình huống | F10: Tạo survey từ Start from scratch | G10: Tạo survey từ template | H10: Thêm câu Open Text | I10: Thêm Single Choice | J10: Thêm Multiple Choice | K10: Thêm Rating/NPS | L10: Câu bắt buộc | M10: Sửa nội dung câu hỏi | N10: Đổi thứ tự câu hỏi | O10: Logic hiển thị câu theo đáp án trước | P10: Preview trước publish | Q10: Publish survey | R10: Archive và restore | S10: Xóa survey có xác nhận | T10: Slug/tên không hợp lệ hoặc trùng
B11: Tiền điều kiện | F11: Có quyền tạo | G11: Template khả dụng | H11: Survey draft | I11: Survey draft | J11: Survey draft | K11: Survey draft | L11: Có câu hỏi | M11: Có câu hỏi | N11: Có >=3 câu | O11: Survey hỗ trợ logic | P11: Survey draft hợp lệ | Q11: Survey hợp lệ | R11: Survey đã publish | S11: Survey test có thể xóa | T11: Có survey hiện hữu
B12: Input 1 | F12: Start from scratch | G12: Template hợp lệ | H12: Open Text | I12: Single Choice | J12: Multiple Choice | K12: Rating/NPS | L12: Required=ON | M12: Text mới | N12: Q3 lên Q1 | O12: Nếu Q1=A → hiện Q2 | P12: Preview | Q12: Publish | R12: Archive → Restore | S12: Delete | T12: Slug trùng hoặc dữ liệu sai chuẩn | W12: BẢNG DỮ LIỆU MẪU THỰC THI — KHÔNG TẠO TEST CASE ĐỘC LẬP
B13: Input 2 | F13: Tên survey | G13: Workspace | H13: Bạn góp ý gì? | I13: Tốt | Bình thường | Chưa tốt | J13: A | B | C | K13: 1-5 hoặc 0-10 | L13: Bỏ trống | M13: - | N13: Reorder | O13: Nếu Q1=B → bỏ Q2 | P13: 2-3 loại câu | Q13: Public link | R13: - | S13: Confirmation | T13: Save/Publish | W13: # | X13: Loại test case | Y13: Dữ liệu nhập / thao tác mẫu | Z13: Kết quả mong đợi | AA13: TC ID
A14: Confirm | B14: Bước 1 | F14: Mở Create survey | G14: Mở Create survey | H14: Add question | I14: Add question | J14: Add question | K14: Add question | L14: Bật Required | M14: Mở editor | N14: Kéo câu | O14: Cấu hình condition | P14: Bấm Preview | Q14: Bấm Publish | R14: Archive survey | S14: Mở settings | T14: Nhập giá trị lỗi | W14: 1 | X14: N – Bình thường | Y14: Input 1: Start from scratch | Input 2: Tên survey | Z14: Survey draft mới được tạo và mở editor. | AA14: SURV-001
B15: Bước 2 | F15: Chọn Start from scratch | G15: Chọn template | H15: Chọn Open Text | I15: Chọn Single Choice | J15: Nhập option | K15: Chọn type | L15: Preview | M15: Sửa text | N15: Lưu | O15: Preview với A | P15: Trả lời thử | Q15: Mở public link | R15: Kiểm tra public/state | S15: Chọn Delete | T15: Lưu/publish | W15: 2 | X15: N – Bình thường | Y15: Input 1: Template hợp lệ | Input 2: Workspace | Z15: Survey được tạo từ template đúng nội dung cơ bản. | AA15: SURV-002
B16: Bước 3 | F16: Tạo survey | G16: Xem preview | H16: Nhập nội dung | I16: Nhập 3 option | J16: Preview | K16: Thiết lập scale | L16: Bỏ trống | M16: Chuyển câu khác | N16: Preview | O16: Preview với B | P16: Đi qua survey | Q16: Trả lời thử | R16: Restore | S16: Xác nhận | T16: Quan sát validation | W16: 3 | X16: N – Bình thường | Y16: Input 1: Open Text | Input 2: Bạn góp ý gì? | Z16: Câu hỏi hiển thị đúng và nhập text được. | AA16: SURV-003
B17: Bước 4 | F17: Mở editor | G17: Tạo survey | H17: Preview | I17: Preview | J17: Chọn nhiều option | K17: Preview | L17: Bấm Next/Submit | M17: Refresh | N17: Refresh | O17: So sánh route | P17: Quay về editor | Q17: Kiểm tra trạng thái | R17: Mở lại | S17: Kiểm tra danh sách | T17: Sửa hợp lệ | W17: 4 | X17: N – Bình thường | Y17: Input 1: Single Choice | Input 2: Tốt | Bình thường | Chưa tốt | Z17: Đủ 3 option; chỉ chọn được một. | AA17: SURV-004
B18: Kết quả mong đợi | F18: Survey draft mới được tạo và mở editor. | G18: Survey được tạo từ template đúng nội dung cơ bản. | H18: Câu hỏi hiển thị đúng và nhập text được. | I18: Đủ 3 option; chỉ chọn được một. | J18: Có thể chọn nhiều và response giữ đúng selection. | K18: Thang điểm hiển thị đúng và chọn được biên. | L18: Hệ thống chặn và báo cần trả lời. | M18: Nội dung mới được lưu. | N18: Preview và editor theo thứ tự mới. | O18: Q2 chỉ hiện khi điều kiện đúng. | P18: Preview phản ánh cấu hình nhưng không publish ngoài ý muốn. | Q18: Survey active và public link hoạt động. | R18: Trạng thái thay đổi đúng; dữ liệu giữ nguyên. | S18: Survey bị xóa đúng đối tượng. | T18: Không ghi đè survey cũ; báo lỗi rõ ràng. | W18: 5 | X18: N – Bình thường | Y18: Input 1: Multiple Choice | Input 2: A | B | C | Z18: Có thể chọn nhiều và response giữ đúng selection. | AA18: SURV-005
B19: Lỗi / Thông báo | L19: Vui lòng trả lời câu hỏi | T19: Slug/tên không hợp lệ | W19: 6 | X19: N – Bình thường | Y19: Input 1: Rating/NPS | Input 2: 1-5 hoặc 0-10 | Z19: Thang điểm hiển thị đúng và chọn được biên. | AA19: SURV-006
B20: Điểm kiểm tra | F20: Có survey ID mới | G20: Không sửa template gốc | H20: Nội dung giữ sau refresh | I20: Order đúng | J20: Không biến thành single | K20: Min/max đúng | L20: Không hoàn tất sai | M20: Không quay lại text cũ | N20: Order persist | O20: Không đồng thời sai nhánh | P20: Draft không bị hỏng | Q20: Status/link đúng | R20: Responses không mất | S20: Không xóa survey khác | T20: Dữ liệu cũ nguyên vẹn | W20: 7 | X20: A – Bất thường | Y20: Input 1: Required=ON | Input 2: Bỏ trống | Z20: Hệ thống chặn và báo cần trả lời. | AA20: SURV-007
A21: Result | B21: Type (N: Normal, A: Abnormal, B: Boundary) | F21: N | G21: N | H21: N | I21: N | J21: N | K21: N | L21: A | M21: N | N21: N | O21: N | P21: N | Q21: N | R21: N | S21: N | T21: A | W21: 8 | X21: N – Bình thường | Y21: Input 1: Text mới | Input 2: - | Z21: Nội dung mới được lưu. | AA21: SURV-008
B22: Passed / Failed / Blocked | W22: 9 | X22: N – Bình thường | Y22: Input 1: Q3 lên Q1 | Input 2: Reorder | Z22: Preview và editor theo thứ tự mới. | AA22: SURV-009
B23: Executed Date | W23: 10 | X23: N – Bình thường | Y23: Input 1: Nếu Q1=A → hiện Q2 | Input 2: Nếu Q1=B → bỏ Q2 | Z23: Q2 chỉ hiện khi điều kiện đúng. | AA23: SURV-010
B24: Defect ID | W24: 11 | X24: N – Bình thường | Y24: Input 1: Preview | Input 2: 2-3 loại câu | Z24: Preview phản ánh cấu hình nhưng không publish ngoài ý muốn. | AA24: SURV-011
W25: 12 | X25: N – Bình thường | Y25: Input 1: Publish | Input 2: Public link | Z25: Survey active và public link hoạt động. | AA25: SURV-012
W26: 13 | X26: N – Bình thường | Y26: Input 1: Archive → Restore | Input 2: - | Z26: Trạng thái thay đổi đúng; dữ liệu giữ nguyên. | AA26: SURV-013
W27: 14 | X27: N – Bình thường | Y27: Input 1: Delete | Input 2: Confirmation | Z27: Survey bị xóa đúng đối tượng. | AA27: SURV-014
W28: 15 | X28: A – Bất thường | Y28: Input 1: Slug trùng hoặc dữ liệu sai chuẩn | Input 2: Save/Publish | Z28: Không ghi đè survey cũ; báo lỗi rõ ràng. | AA28: SURV-015

Sheet UT06_Import_CSV_XLSX
A2: Function Code | C2: IMP-001 | F2: Function Name | H2: Import CSV/XLS/XLSX, Preview & Commit | W2: BẢNG PHÂN LỚP TƯƠNG ĐƯƠNG & GIÁ TRỊ BIÊN
A3: Created By | C3: QA / UAT Team | F3: Executed By | W3: Điều kiện (Condition) | X3: VP – Lớp hợp lệ | Y3: IP – Lớp không hợp lệ | Z3: VB – Biên hợp lệ | AA3: IB – Ngoài biên
A4: Source / Status | C4: Verified | https://github.com/Royal2005-coder/formailab/tree/ef92d78aa86916e6fbf4bc8a43044a4a4328154d/apps/web/modules/ai-lab-survey/actions.ts | W4: Định dạng file | X4: .csv / .xlsx / .xls | Y4: Định dạng khác (.txt/.pdf/...) | Z4: Legacy .xls vẫn được chấp nhận | AA4: Tên file giả/không có extension hợp lệ
A5: Test requirement | C5: Kiểm tra import ngân hàng câu hỏi: validate, diagnostics, preview, commit, checksum và idempotency. | W5: Dung lượng file | X5: 0 < size ≤ 10 MiB | Y5: File rỗng / không đọc được | Z5: 10 MiB | AA5: 10 MiB + 1 byte
A6: Passed | C6: Failed | E6: Blocked | G6: Untested | I6: N | K6: A | M6: B | O6: Total Test Cases | W6: Nội dung CSV/XLSX | X6: Parse được, schema hợp lệ | Y6: Malformed / thiếu cấu trúc bắt buộc | Z6: Bộ dữ liệu tối thiểu vẫn hợp lệ | AA6: Thiếu reference bắt buộc
A7: =COUNTIF(F22:T22,"Passed") -> 0 | C7: =COUNTIF(F22:T22,"Failed") -> 0 | E7: =COUNTIF(F22:T22,"Blocked") -> 0 | G7: =15-A7-C7-E7 -> 15 | I7: =COUNTIF(F21:T21,"N") -> 5 | K7: =COUNTIF(F21:T21,"A") -> 7 | M7: =COUNTIF(F21:T21,"B") -> 3 | O7: 15 | W7: Checksum commit | X7: Checksum canonical khớp | Y7: Checksum khác / sai định dạng | Z7: Đúng 64 ký tự hex | AA7: 63/65 ký tự hoặc không khớp
W8: Quyền import | X8: readWrite/owner/manager | Y8: read/no access | Z8: Quyền vừa đủ readWrite | AA8: Cross-workspace / read-only
F9: IMP-001 | G9: IMP-002 | H9: IMP-003 | I9: IMP-004 | J9: IMP-005 | K9: IMP-006 | L9: IMP-007 | M9: IMP-008 | N9: IMP-009 | O9: IMP-010 | P9: IMP-011 | Q9: IMP-012 | R9: IMP-013 | S9: IMP-014 | T9: IMP-015 | W9: Quy ước: VP = Valid Partition (phân lớp hợp lệ); IP = Invalid Partition (phân lớp không hợp lệ); VB = Valid Boundary (giá trị biên hợp lệ); IB = Invalid/Outside Boundary (ngay ngoài biên). Nếu chức năng không có ngưỡng số cố định, biên được xác định theo validator/quyền/trạng thái cấu hình của hệ thống.
A10: Condition | B10: Tình huống | F10: Validate CSV hợp lệ | G10: Validate XLSX hợp lệ | H10: Validate XLS legacy | I10: Commit sau validation | J10: Re-import cùng file | K10: File rỗng | L10: CSV sai cú pháp | M10: Đuôi file không hỗ trợ | N10: File đúng 10 MiB | O10: File >10 MiB | P10: Reference tới question/group không tồn tại | Q10: Biểu thức relevance không hợp lệ | R10: CSV UTF-8 tiếng Việt | S10: Checksum commit không khớp | T10: Read-only import/commit
B11: Tiền điều kiện | F11: readWrite; file chuẩn | G11: readWrite | H11: readWrite | I11: Import job validated | J11: Đã import file một lần | K11: readWrite | L11: readWrite | M11: readWrite | N11: File parse hợp lệ | O11: readWrite | P11: File parse được | Q11: File parse được | R11: File UTF-8 | S11: Có import job validated | T11: Permission=read
B12: Input 1 | F12: valid.csv | G12: valid.xlsx | H12: valid.xls | I12: importJobId | J12: Cùng checksum | K12: empty.csv | L12: malformed.csv | M12: questions.txt | N12: 10 MiB | O12: 10 MiB + 1 byte | P12: parent/external_id lỗi | Q12: Expression sai | R12: Khảo sát mức độ hài lòng | S12: Checksum khác | T12: valid.csv | W12: BẢNG DỮ LIỆU MẪU THỰC THI — KHÔNG TẠO TEST CASE ĐỘC LẬP
B13: Input 2 | F13: Validate/Preview | G13: Validate | H13: Validate | I13: canonical checksum | J13: Commit lần 2 | K13: 0 byte/nội dung rỗng | L13: Quote/column hỏng | M13: Upload | N13: Boundary size | O13: Boundary size | P13: Validate | Q13: Validate | R13: Preview/Commit | S13: Commit | T13: Import | W13: # | X13: Loại test case | Y13: Dữ liệu nhập / thao tác mẫu | Z13: Kết quả mong đợi | AA13: TC ID
A14: Confirm | B14: Bước 1 | F14: Mở AI LAB Import | G14: Chọn XLSX | H14: Chọn .xls | I14: Xem preview | J14: Import lại file | K14: Upload | L14: Upload | M14: Chọn file .txt | N14: Upload file | O14: Upload | P14: Upload fixture | Q14: Upload file | R14: Upload | S14: Validate file A | T14: Đăng nhập read-only | W14: 1 | X14: N – Bình thường | Y14: Input 1: valid.csv | Input 2: Validate/Preview | Z14: Có canonical preview; không blocking diagnostic. | AA14: IMP-001
B15: Bước 2 | F15: Chọn CSV | G15: Validate | H15: Validate | I15: Bấm tạo draft/commit | J15: Validate | K15: Validate | L15: Validate | M15: Submit | N15: Validate | O15: Submit | P15: Validate | Q15: Validate | R15: Validate | S15: Dùng checksum B trong test harness | T15: Mở import | W15: 2 | X15: N – Bình thường | Y15: Input 1: valid.xlsx | Input 2: Validate | Z15: Workbook parse đúng và preview được. | AA15: IMP-002
B16: Bước 3 | F16: Validate | G16: Xem preview | H16: Xem diagnostics | I16: Chờ kết quả | J16: Commit | K16: Quan sát diagnostic | L16: Xem diagnostics | M16: Quan sát validation | N16: Quan sát size gate | O16: Quan sát | P16: Đọc diagnostic | Q16: Xem compiler diagnostic | R16: Preview | S16: Commit | T16: Thử validate/commit | W16: 3 | X16: N – Bình thường | Y16: Input 1: valid.xls | Input 2: Validate | Z16: Extension .xls được schema chấp nhận. | AA16: IMP-003
B17: Bước 4 | F17: Xem preview | G17: Kiểm tra câu hỏi | H17: Tiếp tục nếu hợp lệ | I17: Mở survey mới | J17: Kiểm tra số survey/version | K17: Không commit | L17: Thử commit | M17: Không đổi extension giả | N17: Tiếp tục parse | O17: Không retry commit | P17: Tìm external ID lỗi | Q17: Không commit | R17: Commit và mở editor | S17: Kiểm tra DB/UI | T17: Quan sát | W17: 4 | X17: N – Bình thường | Y17: Input 1: importJobId | Input 2: canonical checksum | Z17: Tạo survey/version và trả về surveyId. | AA17: IMP-004
B18: Kết quả mong đợi | F18: Có canonical preview; không blocking diagnostic. | G18: Workbook parse đúng và preview được. | H18: Extension .xls được schema chấp nhận. | I18: Tạo survey/version và trả về surveyId. | J18: Hệ thống reuse/idempotent theo thiết kế. | K18: Không tạo survey. | L18: Validation fail; commit bị chặn. | M18: Bị từ chối; chỉ CSV/XLSX/XLS. | N18: Không bị từ chối chỉ vì size. | O18: Bị chặn dung lượng. | P18: Blocking/manual review chỉ đúng entity. | Q18: Có diagnostic compiler; không bỏ logic âm thầm. | R18: Tiếng Việt giữ đúng dấu. | S18: Commit fail an toàn. | T18: Backend/UI chặn thao tác ghi. | W18: 5 | X18: B – Giá trị biên | Y18: Input 1: Cùng checksum | Input 2: Commit lần 2 | Z18: Hệ thống reuse/idempotent theo thiết kế. | AA18: IMP-005
B19: Lỗi / Thông báo | K19: Nội dung file không được để trống/parse error | L19: file.parse_error | M19: Tên file phải có đuôi .csv, .xlsx, hoặc .xls | O19: Dung lượng file không được vượt quá 10 MiB | P19: Reference missing | Q19: compiler.* | S19: AI_LAB_IMPORT_COMMIT_FAILED | T19: Authorization | W19: 6 | X19: A – Bất thường | Y19: Input 1: empty.csv | Input 2: 0 byte/nội dung rỗng | Z19: Không tạo survey. | AA19: IMP-006
B20: Điểm kiểm tra | F20: Có importJob/checksum | G20: Không parse sai loại | H20: Không bị chặn extension | I20: COMMITTED | J20: Không duplicate ngoài thiết kế | K20: Không có partial data | L20: Không tạo draft | M20: Không tạo job | N20: Boundary max chính xác | O20: Không tạo job | P20: Không orphan entity | Q20: Chỉ rõ câu liên quan | R20: Không mojibake | S20: Không partial commit | T20: Không tạo job/survey | W20: 7 | X20: A – Bất thường | Y20: Input 1: malformed.csv | Input 2: Quote/column hỏng | Z20: Validation fail; commit bị chặn. | AA20: IMP-007
A21: Result | B21: Type (N: Normal, A: Abnormal, B: Boundary) | F21: N | G21: N | H21: N | I21: N | J21: B | K21: A | L21: A | M21: A | N21: B | O21: B | P21: A | Q21: A | R21: N | S21: A | T21: A | W21: 8 | X21: A – Bất thường | Y21: Input 1: questions.txt | Input 2: Upload | Z21: Bị từ chối; chỉ CSV/XLSX/XLS. | AA21: IMP-008
B22: Passed / Failed / Blocked | W22: 9 | X22: B – Giá trị biên | Y22: Input 1: 10 MiB | Input 2: Boundary size | Z22: Không bị từ chối chỉ vì size. | AA22: IMP-009
B23: Executed Date | W23: 10 | X23: B – Giá trị biên | Y23: Input 1: 10 MiB + 1 byte | Input 2: Boundary size | Z23: Bị chặn dung lượng. | AA23: IMP-010
B24: Defect ID | W24: 11 | X24: A – Bất thường | Y24: Input 1: parent/external_id lỗi | Input 2: Validate | Z24: Blocking/manual review chỉ đúng entity. | AA24: IMP-011
W25: 12 | X25: A – Bất thường | Y25: Input 1: Expression sai | Input 2: Validate | Z25: Có diagnostic compiler; không bỏ logic âm thầm. | AA25: IMP-012
W26: 13 | X26: N – Bình thường | Y26: Input 1: Khảo sát mức độ hài lòng | Input 2: Preview/Commit | Z26: Tiếng Việt giữ đúng dấu. | AA26: IMP-013
W27: 14 | X27: A – Bất thường | Y27: Input 1: Checksum khác | Input 2: Commit | Z27: Commit fail an toàn. | AA27: IMP-014
W28: 15 | X28: A – Bất thường | Y28: Input 1: valid.csv | Input 2: Import | Z28: Backend/UI chặn thao tác ghi. | AA28: IMP-015

Sheet UT07_TestBank_Adaptive
A2: Function Code | C2: TB-001 | F2: Function Name | H2: Test Bank, Relevance, Score & Routing | W2: BẢNG PHÂN LỚP TƯƠNG ĐƯƠNG & GIÁ TRỊ BIÊN
A3: Created By | C3: QA / UAT Team | F3: Executed By | W3: Điều kiện (Condition) | X3: VP – Lớp hợp lệ | Y3: IP – Lớp không hợp lệ | Z3: VB – Biên hợp lệ | AA3: IB – Ngoài biên
A4: Source / Status | C4: Verified | https://github.com/Royal2005-coder/formailab/tree/ef92d78aa86916e6fbf4bc8a43044a4a4328154d/packages/survey-compiler/src/import-csv.ts | W4: Điểm routing ngưỡng 8 | X4: >8 | Y4: Giá trị/kiểu dữ liệu không hợp lệ | Z4: 8 | AA4: Ngay dưới ngưỡng: 7 hoặc 7.99
A5: Test requirement | C5: Kiểm tra cấu trúc test bank và Adaptive Engine sau import từ góc nhìn end user. | W5: Rating 1–5 | X5: 2–4 | Y5: Ngoài 1–5 | Z5: 1 / 5 | AA5: 0 / 6
A6: Passed | C6: Failed | E6: Blocked | G6: Untested | I6: N | K6: A | M6: B | O6: Total Test Cases | W6: Reference parent | X6: Group/question tồn tại | Y6: Parent missing | Z6: external_id tối thiểu hợp lệ | AA6: external_id rỗng/không tìm thấy
A7: =COUNTIF(F22:T22,"Passed") -> 0 | C7: =COUNTIF(F22:T22,"Failed") -> 0 | E7: =COUNTIF(F22:T22,"Blocked") -> 0 | G7: =15-A7-C7-E7 -> 15 | I7: =COUNTIF(F21:T21,"N") -> 10 | K7: =COUNTIF(F21:T21,"A") -> 2 | M7: =COUNTIF(F21:T21,"B") -> 3 | O7: 15 | W7: Choice options | X7: ≥2 option hợp lệ | Y7: 0–1 option | Z7: Đúng số option tối thiểu | AA7: Thiếu 1 option so với tối thiểu
W8: Ngôn ngữ | X8: Mã ngôn ngữ được hỗ trợ | Y8: Mã sai/thiếu | Z8: Ngôn ngữ mặc định vi | AA8: Mã ngôn ngữ rỗng
F9: TB-001 | G9: TB-002 | H9: TB-003 | I9: TB-004 | J9: TB-005 | K9: TB-006 | L9: TB-007 | M9: TB-008 | N9: TB-009 | O9: TB-010 | P9: TB-011 | Q9: TB-012 | R9: TB-013 | S9: TB-014 | T9: TB-015 | W9: Quy ước: VP = Valid Partition (phân lớp hợp lệ); IP = Invalid Partition (phân lớp không hợp lệ); VB = Valid Boundary (giá trị biên hợp lệ); IB = Invalid/Outside Boundary (ngay ngoài biên). Nếu chức năng không có ngưỡng số cố định, biên được xác định theo validator/quyền/trạng thái cấu hình của hệ thống.
A10: Condition | B10: Tình huống | F10: Group + Question + Option đúng quan hệ | G10: external_id ổn định khi re-import | H10: Single choice đủ option | I10: Rating 5 mức | J10: Open text dài | K10: Matrix rows/columns | L10: Yes/No | M10: Group relevance theo câu trước | N10: Tính biến score | O10: Routing score >= ngưỡng | P10: Boundary score = 8 | Q10: Score dưới ngưỡng | R10: Question tham chiếu group thiếu | S10: Choice thiếu options | T10: Ngôn ngữ mặc định vi
B11: Tiền điều kiện | F11: File hợp lệ | G11: Đã import lần 1 | H11: Fixture hợp lệ | I11: Fixture hợp lệ | J11: Fixture hợp lệ | K11: Fixture matrix | L11: Fixture type Y | M11: Có condition | N11: Có scoring | O11: Có rule | P11: Rule score>=8 | Q11: Rule score>=8 | R11: Fixture lỗi | S11: Fixture lỗi | T11: Survey default vi
B12: Input 1 | F12: G/Q/A rows | G12: Giữ external_id | H12: Type L | I12: Type 5 | J12: Text dài | K12: SQ rows | L12: Yes/No | M12: Q_profile=A | N12: score_total | O12: score>=8 | P12: score=8 | Q12: score=7 | R12: parent group missing | S12: Type choice | T12: language=vi | W12: BẢNG DỮ LIỆU MẪU THỰC THI — KHÔNG TẠO TEST CASE ĐỘC LẬP
B13: Input 2 | F13: language=vi | G13: Sửa text | H13: A/B/C/D | I13: range=5 | J13: longAnswer | K13: A columns | L13: - | M13: Target group B | N13: q1+q2+q3 | O13: Nhánh nâng cao | P13: - | Q13: - | R13: Validate | S13: 0-1 option | T13: Text có dấu | W13: # | X13: Loại test case | Y13: Dữ liệu nhập / thao tác mẫu | Z13: Kết quả mong đợi | AA13: TC ID
A14: Confirm | B14: Bước 1 | F14: Import | G14: Sửa fixture | H14: Import | I14: Import | J14: Import | K14: Import | L14: Import | M14: Import | N14: Import | O14: Tạo score 9 | P14: Tạo score đúng 8 | Q14: Tạo score 7 | R14: Upload | S14: Upload | T14: Import | W14: 1 | X14: N – Bình thường | Y14: Input 1: G/Q/A rows | Input 2: language=vi | Z14: Đúng số group/question/option và parent. | AA14: TB-001
B15: Bước 2 | F15: Preview canonical | G15: Re-import | H15: Mở preview | I15: Preview | J15: Preview | K15: Preview matrix | L15: Preview | M15: Preview chọn A | N15: Trả lời bộ dữ liệu biết trước | O15: Tiếp tục survey | P15: Tiếp tục | Q15: Tiếp tục | R15: Validate | S15: Validate | T15: Mở editor | W15: 2 | X15: B – Giá trị biên | Y15: Input 1: Giữ external_id | Input 2: Sửa text | Z15: Reuse/update theo ID, không nhân đôi. | AA15: TB-002
B16: Bước 3 | F16: Mở editor | G16: Commit | H16: Chọn option | I16: Chọn 1 | J16: Nhập đoạn dài | K16: Trả lời vài ô | L16: Chọn Có | M16: Preview chọn giá trị khác | N16: Hoàn tất | O16: Quan sát route | P16: Quan sát route | Q16: Quan sát route | R16: Đọc diagnostic | S16: Preview/diagnostic | T16: Mở public | W16: 3 | X16: N – Bình thường | Y16: Input 1: Type L | Input 2: A/B/C/D | Z16: Radio hiển thị đủ và chỉ chọn 1. | AA16: TB-003
B17: Bước 4 | F17: Đếm entity | G17: Kiểm tra entity | H17: Submit thử | I17: Chọn 5 | J17: Submit | K17: Submit | L17: Chọn Không ở lượt khác | M17: So route | N17: Xem variable/result | O17: Hoàn tất | P17: Đối chiếu rule | Q17: Đối chiếu | R17: Không commit | S17: Không commit | T17: Submit | W17: 4 | X17: N – Bình thường | Y17: Input 1: Type 5 | Input 2: range=5 | Z17: Thang 1-5 đúng. | AA17: TB-004
B18: Kết quả mong đợi | F18: Đúng số group/question/option và parent. | G18: Reuse/update theo ID, không nhân đôi. | H18: Radio hiển thị đủ và chỉ chọn 1. | I18: Thang 1-5 đúng. | J18: Textarea dùng được; response không bị cắt ngoài giới hạn thiết kế. | K18: Matrix có row/column đúng cấu trúc. | L18: Hiển thị/ghi nhận đúng hai giá trị. | M18: Group chỉ hiện khi biểu thức true. | N18: Score bằng expected fixture. | O18: Đi nhánh nâng cao. | P18: Đi nhánh >=8. | Q18: Không đi nhánh nâng cao. | R18: Reference missing được phát hiện. | S18: Bị cảnh báo/lỗi compatibility phù hợp. | T18: Nội dung tiếng Việt đúng xuyên suốt. | W18: 5 | X18: N – Bình thường | Y18: Input 1: Text dài | Input 2: longAnswer | Z18: Textarea dùng được; response không bị cắt ngoài giới hạn thiết kế. | AA18: TB-005
B19: Lỗi / Thông báo | R19: Reference missing | S19: Choice needs options | W19: 6 | X19: N – Bình thường | Y19: Input 1: SQ rows | Input 2: A columns | Z19: Matrix có row/column đúng cấu trúc. | AA19: TB-006
B20: Điểm kiểm tra | F20: Không orphan | G20: ID logic ổn định | H20: Value đúng | I20: Boundary chọn được | J20: Không truncate bất thường | K20: Không rỗng/đảo nhãn | L20: Không duplicate | M20: Route trace hợp lý | N20: Đúng kiểu số | O20: Không hiện nhánh thấp | P20: Không off-by-one | Q20: Không hiện 2 nhánh | R20: Không orphan question | S20: Không tạo câu không dùng được | T20: Không đổi locale ngoài ý muốn | W20: 7 | X20: N – Bình thường | Y20: Input 1: Yes/No | Input 2: - | Z20: Hiển thị/ghi nhận đúng hai giá trị. | AA20: TB-007
A21: Result | B21: Type (N: Normal, A: Abnormal, B: Boundary) | F21: N | G21: B | H21: N | I21: N | J21: N | K21: N | L21: N | M21: N | N21: N | O21: N | P21: B | Q21: B | R21: A | S21: A | T21: N | W21: 8 | X21: N – Bình thường | Y21: Input 1: Q_profile=A | Input 2: Target group B | Z21: Group chỉ hiện khi biểu thức true. | AA21: TB-008
B22: Passed / Failed / Blocked | W22: 9 | X22: N – Bình thường | Y22: Input 1: score_total | Input 2: q1+q2+q3 | Z22: Score bằng expected fixture. | AA22: TB-009
B23: Executed Date | W23: 10 | X23: N – Bình thường | Y23: Input 1: score>=8 | Input 2: Nhánh nâng cao | Z23: Đi nhánh nâng cao. | AA23: TB-010
B24: Defect ID | W24: 11 | X24: B – Giá trị biên | Y24: Input 1: score=8 | Input 2: - | Z24: Đi nhánh >=8. | AA24: TB-011
W25: 12 | X25: B – Giá trị biên | Y25: Input 1: score=7 | Input 2: - | Z25: Không đi nhánh nâng cao. | AA25: TB-012
W26: 13 | X26: A – Bất thường | Y26: Input 1: parent group missing | Input 2: Validate | Z26: Reference missing được phát hiện. | AA26: TB-013
W27: 14 | X27: A – Bất thường | Y27: Input 1: Type choice | Input 2: 0-1 option | Z27: Bị cảnh báo/lỗi compatibility phù hợp. | AA27: TB-014
W28: 15 | X28: N – Bình thường | Y28: Input 1: language=vi | Input 2: Text có dấu | Z28: Nội dung tiếng Việt đúng xuyên suốt. | AA28: TB-015

Sheet UT08_PhanHoi
A2: Function Code | C2: RESP-001 | F2: Function Name | H2: Public Survey, Response & Submission | W2: BẢNG PHÂN LỚP TƯƠNG ĐƯƠNG & GIÁ TRỊ BIÊN
A3: Created By | C3: QA / UAT Team | F3: Executed By | W3: Điều kiện (Condition) | X3: VP – Lớp hợp lệ | Y3: IP – Lớp không hợp lệ | Z3: VB – Biên hợp lệ | AA3: IB – Ngoài biên
A4: Source / Status | C4: Verified | https://github.com/Royal2005-coder/formailab/tree/ef92d78aa86916e6fbf4bc8a43044a4a4328154d/apps/web/lib/response/service.ts | W4: Survey public | X4: Active và nhận phản hồi | Y4: Archived/closed/không tồn tại | Z4: Ngay trước khi survey đóng | AA4: Sau khi survey đã đóng
A5: Test requirement | C5: Kiểm tra người trả lời mở survey, nhập dữ liệu, gửi, cập nhật trạng thái và tính toàn vẹn response. | W5: Câu bắt buộc | X5: Có trả lời | Y5: Bỏ trống | Z5: Giá trị vừa đủ hợp lệ | AA5: Rỗng/null
A6: Passed | C6: Failed | E6: Blocked | G6: Untested | I6: N | K6: A | M6: B | O6: Total Test Cases | W6: Rating/NPS | X6: Trong thang hợp lệ | Y6: Ngoài thang / sai kiểu | Z6: Min và Max của thang | AA6: Min-1 / Max+1
A7: =COUNTIF(F22:T22,"Passed") -> 0 | C7: =COUNTIF(F22:T22,"Failed") -> 0 | E7: =COUNTIF(F22:T22,"Blocked") -> 0 | G7: =15-A7-C7-E7 -> 15 | I7: =COUNTIF(F21:T21,"N") -> 7 | K7: =COUNTIF(F21:T21,"A") -> 4 | M7: =COUNTIF(F21:T21,"B") -> 4 | O7: 15 | W7: Độ dài text | X7: ≤ giới hạn cấu hình | Y7: Sai định dạng/không hợp lệ | Z7: Đúng giới hạn tối đa cấu hình | AA7: Vượt giới hạn 1 ký tự
W8: Submit | X8: Một lần hợp lệ | Y8: Request lỗi/không hợp lệ | Z8: Double-click sát thời điểm submit | AA8: Submit lặp tạo duplicate
F9: RESP-001 | G9: RESP-002 | H9: RESP-003 | I9: RESP-004 | J9: RESP-005 | K9: RESP-006 | L9: RESP-007 | M9: RESP-008 | N9: RESP-009 | O9: RESP-010 | P9: RESP-011 | Q9: RESP-012 | R9: RESP-013 | S9: RESP-014 | T9: RESP-015 | W9: Quy ước: VP = Valid Partition (phân lớp hợp lệ); IP = Invalid Partition (phân lớp không hợp lệ); VB = Valid Boundary (giá trị biên hợp lệ); IB = Invalid/Outside Boundary (ngay ngoài biên). Nếu chức năng không có ngưỡng số cố định, biên được xác định theo validator/quyền/trạng thái cấu hình của hệ thống.
A10: Condition | B10: Tình huống | F10: Mở public survey | G10: Gửi response hợp lệ | H10: Required bỏ trống | I10: Single choice chỉ lưu một option | J10: Multiple choice lưu nhiều option | K10: Open text tiếng Việt | L10: Rating/NPS biên | M10: Rẽ nhánh theo câu trả lời | N10: Response chưa hoàn tất | O10: Submit lặp do double click | P10: Survey archived/closed | Q10: Dữ liệu vượt giới hạn field | R10: Refresh giữa survey | S10: Hai respondent độc lập | T10: Response thuộc đúng survey/workspace
B11: Tiền điều kiện | F11: Survey active | G11: Survey active | H11: Có required question | I11: Có single choice | J11: Có multi choice | K11: Có open text | L11: Có scale | M11: Survey có logic | N11: Survey dài | O11: Kết nối chậm | P11: Survey không còn active | Q11: Field có validation | R11: Đang trả lời | S11: Hai browser/session | T11: Có nhiều survey
B12: Input 1 | F12: Public URL | G12: Dữ liệu hợp lệ | H12: Bỏ trống | I12: Option B | J12: A + C | K12: Phản hồi tiếng Việt có dấu | L12: Min và Max | M12: Nhánh A | N12: Thoát giữa chừng | O12: Double click Submit | P12: Public URL cũ | Q12: Text/quy tắc vượt giới hạn | R12: Refresh | S12: User A | T12: Survey A response | W12: BẢNG DỮ LIỆU MẪU THỰC THI — KHÔNG TẠO TEST CASE ĐỘC LẬP
B13: Input 2 | F13: - | G13: Submit | H13: Next/Submit | I13: - | J13: - | K13: - | L13: Hai lượt response | M13: Nhánh B | N13: Unfinished | O13: - | P13: - | Q13: Submit | R13: State hiện tại | S13: User B | T13: Survey B analysis | W13: # | X13: Loại test case | Y13: Dữ liệu nhập / thao tác mẫu | Z13: Kết quả mong đợi | AA13: TC ID
A14: Confirm | B14: Bước 1 | F14: Mở link ở browser/incognito | G14: Trả lời câu hỏi | H14: Đi tới câu required | I14: Chọn B | J14: Chọn A,C | K14: Nhập text | L14: Lượt 1 chọn min | M14: Trả lời điều kiện A | N14: Trả lời vài câu | O14: Đi tới cuối | P14: Mở link | Q14: Nhập dữ liệu vượt chuẩn | R14: Trả lời vài câu | S14: Mở survey ở hai session | T14: Submit A | W14: 1 | X14: N – Bình thường | Y14: Input 1: Public URL | Input 2: - | Z14: Survey tải và cho phép trả lời. | AA14: RESP-001
B15: Bước 2 | F15: Chờ tải | G15: Đi tới cuối | H15: Không trả lời | I15: Đi tiếp | J15: Đi tiếp | K15: Submit | L15: Submit | M15: Theo route | N15: Đóng tab/thoát | O15: Click Submit nhanh 2 lần | P15: Quan sát | Q15: Bấm tiếp | R15: Refresh | S15: Trả lời khác nhau | T15: Mở B | W15: 2 | X15: N – Bình thường | Y15: Input 1: Dữ liệu hợp lệ | Input 2: Submit | Z15: Response được lưu và marked finished theo flow. | AA15: RESP-002
B16: Bước 3 | F16: Kiểm tra title | G16: Bấm Submit | H16: Bấm Next/Submit | I16: Submit | J16: Submit | K16: Mở response | L16: Lượt 2 chọn max | M16: Làm lại với B | N16: Mở analysis/admin | O16: Chờ | P16: Thử submit | Q16: Quan sát | R16: Quan sát restore | S16: Submit cả hai | T16: Tìm response A | W16: 3 | X16: A – Bất thường | Y16: Input 1: Bỏ trống | Input 2: Next/Submit | Z16: Bị chặn với validation rõ ràng. | AA16: RESP-003
B17: Bước 4 | F17: Bắt đầu survey | G17: Mở trang kết thúc | H17: Quan sát | I17: Mở response detail | J17: Mở response detail | K17: Export thử | L17: Đối chiếu | M17: So sánh | N17: Kiểm tra status | O17: Kiểm tra response count | P17: Không bypass | Q17: Sửa hợp lệ | R17: Tiếp tục | S17: Mở admin | T17: Đối chiếu A | W17: 4 | X17: N – Bình thường | Y17: Input 1: Option B | Input 2: - | Z17: Chỉ B được lưu. | AA17: RESP-004
B18: Kết quả mong đợi | F18: Survey tải và cho phép trả lời. | G18: Response được lưu và marked finished theo flow. | H18: Bị chặn với validation rõ ràng. | I18: Chỉ B được lưu. | J18: A và C được lưu đúng. | K18: Text giữ nguyên encoding. | L18: Cả hai giá trị biên lưu chính xác. | M18: Mỗi lượt chỉ đi các câu phù hợp. | N18: Response partial nếu hệ thống lưu partial; không bị tính finished. | O18: Không tạo duplicate ngoài thiết kế/idempotency. | P18: Người dùng thấy trạng thái đóng/không thể submit. | Q18: Chặn dữ liệu không hợp lệ theo rule. | R18: Hành vi nhất quán với thiết kế session; không corrupt response. | S18: Tạo hai response độc lập. | T18: Response không xuất hiện ở survey B trái context. | W18: 5 | X18: N – Bình thường | Y18: Input 1: A + C | Input 2: - | Z18: A và C được lưu đúng. | AA18: RESP-005
B19: Lỗi / Thông báo | H19: Required | P19: Survey unavailable | Q19: Validation | W19: 6 | X19: N – Bình thường | Y19: Input 1: Phản hồi tiếng Việt có dấu | Input 2: - | Z19: Text giữ nguyên encoding. | AA19: RESP-006
B20: Điểm kiểm tra | F20: Đúng survey | G20: Response count tăng | H20: Không finished sai | I20: Không lưu option khác | J20: Không mất thứ tự/giá trị | K20: Không lỗi Unicode | L20: Không lệch scale | M20: Hidden question không yêu cầu sai | N20: finished=false | O20: Một submission logic | P20: Không tạo response mới | Q20: Không lưu giá trị lỗi | R20: Không tạo response rác | S20: Không trộn data | T20: Không cross-survey leak | W20: 7 | X20: B – Giá trị biên | Y20: Input 1: Min và Max | Input 2: Hai lượt response | Z20: Cả hai giá trị biên lưu chính xác. | AA20: RESP-007
A21: Result | B21: Type (N: Normal, A: Abnormal, B: Boundary) | F21: N | G21: N | H21: A | I21: N | J21: N | K21: N | L21: B | M21: N | N21: B | O21: B | P21: A | Q21: A | R21: B | S21: N | T21: A | W21: 8 | X21: N – Bình thường | Y21: Input 1: Nhánh A | Input 2: Nhánh B | Z21: Mỗi lượt chỉ đi các câu phù hợp. | AA21: RESP-008
B22: Passed / Failed / Blocked | W22: 9 | X22: B – Giá trị biên | Y22: Input 1: Thoát giữa chừng | Input 2: Unfinished | Z22: Response partial nếu hệ thống lưu partial; không bị tính finished. | AA22: RESP-009
B23: Executed Date | W23: 10 | X23: B – Giá trị biên | Y23: Input 1: Double click Submit | Input 2: - | Z23: Không tạo duplicate ngoài thiết kế/idempotency. | AA23: RESP-010
B24: Defect ID | W24: 11 | X24: A – Bất thường | Y24: Input 1: Public URL cũ | Input 2: - | Z24: Người dùng thấy trạng thái đóng/không thể submit. | AA24: RESP-011
W25: 12 | X25: A – Bất thường | Y25: Input 1: Text/quy tắc vượt giới hạn | Input 2: Submit | Z25: Chặn dữ liệu không hợp lệ theo rule. | AA25: RESP-012
W26: 13 | X26: B – Giá trị biên | Y26: Input 1: Refresh | Input 2: State hiện tại | Z26: Hành vi nhất quán với thiết kế session; không corrupt response. | AA26: RESP-013
W27: 14 | X27: N – Bình thường | Y27: Input 1: User A | Input 2: User B | Z27: Tạo hai response độc lập. | AA27: RESP-014
W28: 15 | X28: A – Bất thường | Y28: Input 1: Survey A response | Input 2: Survey B analysis | Z28: Response không xuất hiện ở survey B trái context. | AA28: RESP-015

Sheet UT09_PhanTich_Insights
A2: Function Code | C2: ANLY-001 | F2: Function Name | H2: Phân tích, Insights, Chart & Export | W2: BẢNG PHÂN LỚP TƯƠNG ĐƯƠNG & GIÁ TRỊ BIÊN
A3: Created By | C3: QA / UAT Team | F3: Executed By | W3: Điều kiện (Condition) | X3: VP – Lớp hợp lệ | Y3: IP – Lớp không hợp lệ | Z3: VB – Biên hợp lệ | AA3: IB – Ngoài biên
A4: Source / Status | C4: Verified/Risk | https://github.com/Royal2005-coder/formailab/tree/ef92d78aa86916e6fbf4bc8a43044a4a4328154d/apps/web/modules/ai-lab-survey/components/insights-dashboard.tsx | W4: Số phản hồi | X4: >0 | Y4: Dữ liệu/ID survey không hợp lệ | Z4: 0 phản hồi | AA4: Âm/giá trị không thể xảy ra từ dữ liệu hợp lệ
A5: Test requirement | C5: Kiểm tra tổng quan phản hồi, bộ lọc, KPI, biểu đồ và export dữ liệu. | W5: Completion rate | X5: 0–100% | Y5: Ngoài 0–100% nếu dữ liệu lỗi | Z5: 0% / 100% | AA5: <0% / >100%
A6: Passed | C6: Failed | E6: Blocked | G6: Untested | I6: N | K6: A | M6: B | O6: Total Test Cases | W6: Average score | X6: Có numeric score hợp lệ | Y6: Score sai kiểu | Z6: Không có score → hiển thị — | AA6: NaN/Infinity
A7: =COUNTIF(F22:T22,"Passed") -> 0 | C7: =COUNTIF(F22:T22,"Failed") -> 0 | E7: =COUNTIF(F22:T22,"Blocked") -> 0 | G7: =15-A7-C7-E7 -> 15 | I7: =COUNTIF(F21:T21,"N") -> 8 | K7: =COUNTIF(F21:T21,"A") -> 4 | M7: =COUNTIF(F21:T21,"B") -> 3 | O7: 15 | W7: Export CSV | X7: Có dữ liệu hợp lệ | Y7: Dữ liệu/format export lỗi | Z7: 0 response → header-only | AA7: Text có dấu phẩy/quote cần escape
W8: Quyền phân tích | X8: User có quyền đọc | Y8: Không có quyền | Z8: read được xem nhưng không ghi | AA8: Cross-workspace
F9: ANLY-001 | G9: ANLY-002 | H9: ANLY-003 | I9: ANLY-004 | J9: ANLY-005 | K9: ANLY-006 | L9: ANLY-007 | M9: ANLY-008 | N9: ANLY-009 | O9: ANLY-010 | P9: ANLY-011 | Q9: ANLY-012 | R9: ANLY-013 | S9: ANLY-014 | T9: ANLY-015 | W9: Quy ước: VP = Valid Partition (phân lớp hợp lệ); IP = Invalid Partition (phân lớp không hợp lệ); VB = Valid Boundary (giá trị biên hợp lệ); IB = Invalid/Outside Boundary (ngay ngoài biên). Nếu chức năng không có ngưỡng số cố định, biên được xác định theo validator/quyền/trạng thái cấu hình của hệ thống.
A10: Condition | B10: Tình huống | F10: Tổng số phản hồi đúng | G10: Completion rate đúng | H10: Average score đúng | I10: Không có score | J10: Phân bố câu trả lời | K10: Bộ lọc theo thời gian/thuộc tính | L10: Chuyển kiểu biểu đồ | M10: Export CSV | N10: CSV có dấu phẩy/quote | O10: Export không có responses | P10: XLSX đúng định dạng theo nhãn UI | Q10: SPSS output đúng cam kết | R10: Filter không làm lẫn workspace | S10: Gắn tag/nhãn response nếu feature bật | T10: Quyền read xem analysis, không mutate admin-only
B11: Tiền điều kiện | F11: Fixture biết trước | G11: 10 total, 8 finished | H11: Có score fixture | I11: averageScore=null | J11: Fixture frequency biết trước | K11: Có responses đa thời điểm | L11: Có dữ liệu | M11: Có responses | N11: Text đặc biệt | O11: responseCount=0 | P11: Build hiển thị XLSX | Q11: Build có SPSS action | R11: Có A/B | S11: Feature tag khả dụng | T11: Permission=read
B12: Input 1 | F12: 10 responses | G12: 8/10 | H12: Known scores | I12: No score | J12: Top values | K12: Filter hợp lệ | L12: Column/Pie/Radar/Line | M12: CSV | N12: Xin chào, "AI" | O12: CSV | P12: Export XLSX | Q12: SPSS Syntax & Data | R12: Filter tại A | S12: Tag hợp lệ | T12: Analysis | W12: BẢNG DỮ LIỆU MẪU THỰC THI — KHÔNG TẠO TEST CASE ĐỘC LẬP
B13: Input 2 | F13: - | G13: 80% | H13: Expected average | I13: - | J13: Counts | K13: Expected subset | L13: - | M13: UTF-8 | N13: CSV export | O13: 0 rows | P13: File signature/extension | Q13: Expected package/syntax | R13: Data B | S13: Response | T13: Write control | W13: # | X13: Loại test case | Y13: Dữ liệu nhập / thao tác mẫu | Z13: Kết quả mong đợi | AA13: TC ID
A14: Confirm | B14: Bước 1 | F14: Mở Analysis/Insights | G14: Mở dashboard | H14: Mở dashboard | I14: Mở dashboard | J14: Mở chart | K14: Chọn filter | L14: Chọn từng chart type | M14: Bấm Export CSV | N14: Export | O14: Export | P14: Chọn XLSX | Q14: Bấm export SPSS | R14: Mở A | S14: Mở response/analysis | T14: Đăng nhập read | W14: 1 | X14: N – Bình thường | Y14: Input 1: 10 responses | Input 2: - | Z14: Hiển thị đúng 10. | AA14: ANLY-001
B15: Bước 2 | F15: Đọc tổng response | G15: Đọc completed | H15: Đọc average | I15: Quan sát score | J15: Đọc top values | K15: Apply | L15: Quan sát data | M15: Mở file | N15: Mở bằng Excel/text editor | O15: Mở file | P15: Mở file | Q15: Mở output | R15: Apply filter | S15: Gắn tag | T15: Mở Analysis | W15: 2 | X15: N – Bình thường | Y15: Input 1: 8/10 | Input 2: 80% | Z15: Completion rate=80%. | AA15: ANLY-002
B16: Bước 3 | F16: So fixture | G16: Đọc % | H16: Tính tay | I16: Refresh | J16: So count | K16: Đọc KPI/chart | L16: Chuyển qua lại | M16: Kiểm tra header | N16: Kiểm tra cột | O16: Kiểm tra header | P16: Kiểm tra loại file | Q16: Kiểm tra nội dung | R16: Kiểm tra IDs | S16: Filter theo tag | T16: Tìm control write | W16: 3 | X16: N – Bình thường | Y16: Input 1: Known scores | Input 2: Expected average | Z16: Average đúng fixture. | AA16: ANLY-003
B17: Bước 4 | F17: Refresh | G17: Tính tay | H17: So sánh | I17: - | J17: Chuyển chart | K17: Clear filter | L17: Resize | M17: Đếm rows | N17: So source | O17: - | P17: Đối chiếu nhãn UI | Q17: Đối chiếu nhãn | R17: So B | S17: Refresh | T17: Thử nếu có | W17: 4 | X17: B – Giá trị biên | Y17: Input 1: No score | Input 2: - | Z17: Hiển thị dấu —/empty hợp lý, không giả 0. | AA17: ANLY-004
B18: Kết quả mong đợi | F18: Hiển thị đúng 10. | G18: Completion rate=80%. | H18: Average đúng fixture. | I18: Hiển thị dấu —/empty hợp lý, không giả 0. | J18: Frequency và count đúng. | K18: KPI/chart chỉ tính subset; clear khôi phục. | L18: Không mất dữ liệu/crash khi đổi view. | M18: CSV đọc được; row/header đúng; tiếng Việt đúng. | N18: Không lệch cột; quote được escape. | O18: Header-only hoặc thông báo hợp lệ; không crash. | P18: Nếu UI cam kết XLSX thì output phải là XLSX thật. | Q18: Output đúng format được UI mô tả. | R18: Không có dữ liệu B trong A. | S18: Tag lưu và filter đúng. | T18: Đọc được dữ liệu cho phép; write bị chặn. | W18: 5 | X18: N – Bình thường | Y18: Input 1: Top values | Input 2: Counts | Z18: Frequency và count đúng. | AA18: ANLY-005
B19: Lỗi / Thông báo | P19: Sai định dạng nếu chỉ là CSV | Q19: Sai định dạng nếu chỉ CSV | T19: Authorization | W19: 6 | X19: N – Bình thường | Y19: Input 1: Filter hợp lệ | Input 2: Expected subset | Z19: KPI/chart chỉ tính subset; clear khôi phục. | AA19: ANLY-006
B20: Điểm kiểm tra | F20: Không hard-code | G20: Không chia sai | H20: Không NaN | I20: Không NaN | J20: Array values xử lý đúng | K20: Không state stale | L20: Selected state rõ | M20: Có escape chuẩn | N20: Dữ liệu nguyên nghĩa | O20: Không undefined | P20: Risk đã xác minh trong source | Q20: Risk source hiện dùng text/csv | R20: Tenant isolation | S20: Không ảnh hưởng response khác | T20: Không mutate | W20: 7 | X20: N – Bình thường | Y20: Input 1: Column/Pie/Radar/Line | Input 2: - | Z20: Không mất dữ liệu/crash khi đổi view. | AA20: ANLY-007
A21: Result | B21: Type (N: Normal, A: Abnormal, B: Boundary) | F21: N | G21: N | H21: N | I21: B | J21: N | K21: N | L21: N | M21: N | N21: B | O21: B | P21: A | Q21: A | R21: A | S21: N | T21: A | W21: 8 | X21: N – Bình thường | Y21: Input 1: CSV | Input 2: UTF-8 | Z21: CSV đọc được; row/header đúng; tiếng Việt đúng. | AA21: ANLY-008
B22: Passed / Failed / Blocked | W22: 9 | X22: B – Giá trị biên | Y22: Input 1: Xin chào, "AI" | Input 2: CSV export | Z22: Không lệch cột; quote được escape. | AA22: ANLY-009
B23: Executed Date | W23: 10 | X23: B – Giá trị biên | Y23: Input 1: CSV | Input 2: 0 rows | Z23: Header-only hoặc thông báo hợp lệ; không crash. | AA23: ANLY-010
B24: Defect ID | W24: 11 | X24: A – Bất thường | Y24: Input 1: Export XLSX | Input 2: File signature/extension | Z24: Nếu UI cam kết XLSX thì output phải là XLSX thật. | AA24: ANLY-011
W25: 12 | X25: A – Bất thường | Y25: Input 1: SPSS Syntax & Data | Input 2: Expected package/syntax | Z25: Output đúng format được UI mô tả. | AA25: ANLY-012
W26: 13 | X26: A – Bất thường | Y26: Input 1: Filter tại A | Input 2: Data B | Z26: Không có dữ liệu B trong A. | AA26: ANLY-013
W27: 14 | X27: N – Bình thường | Y27: Input 1: Tag hợp lệ | Input 2: Response | Z27: Tag lưu và filter đúng. | AA27: ANLY-014
W28: 15 | X28: A – Bất thường | Y28: Input 1: Analysis | Input 2: Write control | Z28: Đọc được dữ liệu cho phép; write bị chặn. | AA28: ANLY-015

Sheet UT10_AI_TaoSurvey
A2: Function Code | C2: AI-GEN-001 | F2: Function Name | H2: AI Native - Tạo Survey từ mô tả/tài liệu | W2: BẢNG PHÂN LỚP TƯƠNG ĐƯƠNG & GIÁ TRỊ BIÊN
A3: Created By | C3: QA / UAT Team | F3: Executed By | W3: Điều kiện (Condition) | X3: VP – Lớp hợp lệ | Y3: IP – Lớp không hợp lệ | Z3: VB – Biên hợp lệ | AA3: IB – Ngoài biên
A4: Source / Status | C4: Verified | https://github.com/Royal2005-coder/formailab/tree/ef92d78aa86916e6fbf4bc8a43044a4a4328154d/apps/web/modules/survey/components/template-list/components/create-with-ai-form.tsx | W4: Độ dài prompt | X4: 4–50.000 ký tự | Y4: Rỗng / dữ liệu không hợp lệ | Z4: 4 hoặc 50.000 ký tự | AA4: 3 hoặc 50.001 ký tự
A5: Test requirement | C5: Kiểm tra AI tạo survey bằng prompt và file context, boundary prompt, entitlement và lỗi provider. | W5: File context | X5: .docx/.doc/.pdf/.txt/.csv/.md/.json | Y5: Định dạng không hỗ trợ | Z5: File nhỏ nhất parse được | AA5: File không đọc/parse được
A6: Passed | C6: Failed | E6: Blocked | G6: Untested | I6: N | K6: A | M6: B | O6: Total Test Cases | W6: AI availability | X6: Entitled + enabled + configured | Y6: not_in_plan / not_enabled / instance_not_configured | Z6: Prompt hợp lệ đúng min | AA6: Prompt dưới min
A7: =COUNTIF(F22:T22,"Passed") -> 0 | C7: =COUNTIF(F22:T22,"Failed") -> 0 | E7: =COUNTIF(F22:T22,"Blocked") -> 0 | G7: =15-A7-C7-E7 -> 15 | I7: =COUNTIF(F21:T21,"N") -> 6 | K7: =COUNTIF(F21:T21,"A") -> 5 | M7: =COUNTIF(F21:T21,"B") -> 4 | O7: 15 | W7: Payload AI | X7: Survey payload hợp lệ | Y7: Payload sai schema | Z7: Payload tối thiểu vẫn hợp lệ | AA7: Thiếu trường bắt buộc
W8: Quyền tạo | X8: readWrite/owner/manager | Y8: read/no access | Z8: readWrite vừa đủ | AA8: read-only
F9: AIG-001 | G9: AIG-002 | H9: AIG-003 | I9: AIG-004 | J9: AIG-005 | K9: AIG-006 | L9: AIG-007 | M9: AIG-008 | N9: AIG-009 | O9: AIG-010 | P9: AIG-011 | Q9: AIG-012 | R9: AIG-013 | S9: AIG-014 | T9: AIG-015 | W9: Quy ước: VP = Valid Partition (phân lớp hợp lệ); IP = Invalid Partition (phân lớp không hợp lệ); VB = Valid Boundary (giá trị biên hợp lệ); IB = Invalid/Outside Boundary (ngay ngoài biên). Nếu chức năng không có ngưỡng số cố định, biên được xác định theo validator/quyền/trạng thái cấu hình của hệ thống.
A10: Condition | B10: Tình huống | F10: Prompt tiếng Việt tạo survey | G10: Prompt tiếng Anh | H10: Helper prompt | I10: Ctrl/Cmd+Enter submit | J10: Đính kèm PDF/DOCX/TXT | K10: Đính kèm CSV/MD/JSON | L10: Xóa badge file | M10: Prompt 3 ký tự | N10: Prompt đúng 4 ký tự | O10: Prompt 50.000 ký tự | P10: AI không thuộc plan | Q10: AI Smart Tools tắt | R10: AI instance chưa cấu hình | S10: AI trả payload invalid | T10: Provider timeout/500
B11: Tiền điều kiện | F11: AI available; readWrite | G11: AI available | H11: AI available | I11: Prompt hợp lệ | J11: AI available | K11: AI available | L11: Đã attach | M11: AI available | N11: AI available | O11: AI available | P11: Entitlement=false | Q11: Entitled nhưng disabled | R11: Instance not configured | S11: Mock invalid response | T11: Mock network/provider lỗi
B12: Input 1 | F12: Tạo khảo sát hài lòng khách hàng 5 câu | G12: Create an NPS survey for SaaS onboarding | H12: Helper card | I12: Ctrl+Enter | J12: sample.pdf/docx/txt | K12: context.csv/md/json | L12: Remove X | M12: abc | N12: test | O12: 50,000 chars | P12: not_in_plan | Q12: not_enabled | R12: instance_not_configured | S12: Invalid survey payload | T12: timeout/500 | W12: BẢNG DỮ LIỆU MẪU THỰC THI — KHÔNG TẠO TEST CASE ĐỘC LẬP
B13: Input 2 | F13: language=vi | G13: en-US | H13: - | I13: - | J13: Prompt bổ sung | K13: - | L13: - | M13: len=3 | N13: len=4 | O13: maxlength | P13: - | Q13: - | R13: - | S13: - | T13: Valid prompt | W13: # | X13: Loại test case | Y13: Dữ liệu nhập / thao tác mẫu | Z13: Kết quả mong đợi | AA13: TC ID
A14: Confirm | B14: Bước 1 | F14: Mở Create with AI | G14: Nhập prompt | H14: Mở AI form | I14: Nhập prompt | J14: Attach file | K14: Attach | L14: Attach file | M14: Nhập prompt | N14: Nhập prompt | O14: Paste | P14: Mở AI form | Q14: Mở form | R14: Mở form | S14: Trigger generation fixture | T14: Nhập prompt | W14: 1 | X14: N – Bình thường | Y14: Input 1: Tạo khảo sát hài lòng khách hàng 5 câu | Input 2: language=vi | Z14: Survey được tạo, nội dung liên quan prompt. | AA14: AIG-001
B15: Bước 2 | F15: Nhập prompt | G15: Create | H15: Click helper | I15: Nhấn shortcut | J15: Chờ parse | K15: Chờ parse | L15: Bấm X | M15: Quan sát Create | N15: Quan sát Create | O15: Đọc counter | P15: Quan sát alert | Q15: Quan sát action | R15: Thử Create | S15: Chờ validation | T15: Create | W15: 2 | X15: N – Bình thường | Y15: Input 1: Create an NPS survey for SaaS onboarding | Input 2: en-US | Z15: Nội dung phù hợp prompt/ngôn ngữ. | AA15: AIG-002
B16: Bước 3 | F16: Bấm Create | G16: Mở editor | H16: Kiểm tra textarea | I16: Chờ | J16: Kiểm tra prompt/badge | K16: Create | L16: Quan sát badge | M16: Thử submit | N16: Submit | O16: Thử nhập thêm | P16: Tìm Create | Q16: Thử submit | R16: Quan sát | S16: Quan sát error | T16: Chờ lỗi | W16: 3 | X16: N – Bình thường | Y16: Input 1: Helper card | Input 2: - | Z16: Helper điền prompt và tạo survey được. | AA16: AIG-003
B17: Bước 4 | F17: Mở editor | G17: Đọc câu hỏi | H17: Create | I17: Kiểm tra survey count | J17: Create | K17: Mở editor | L17: Tiếp tục prompt | M17: - | N17: Quan sát | O17: Create nếu phù hợp | P17: - | Q17: - | R17: - | S17: Kiểm tra survey list | T17: Retry | W17: 4 | X17: N – Bình thường | Y17: Input 1: Ctrl+Enter | Input 2: - | Z17: Tương đương Create và không submit lặp. | AA17: AIG-004
B18: Kết quả mong đợi | F18: Survey được tạo, nội dung liên quan prompt. | G18: Nội dung phù hợp prompt/ngôn ngữ. | H18: Helper điền prompt và tạo survey được. | I18: Tương đương Create và không submit lặp. | J18: Text trích xuất được dùng làm context. | K18: Loại file được hỗ trợ làm context. | L18: Badge biến mất; UI ổn định. | M18: Không cho create. | N18: Được phép submit nếu AI available. | O18: Textarea không vượt 50.000; UI không vỡ. | P18: Thông báo plan và không submit. | Q18: Thông báo bật AI; Create không khả dụng. | R18: Thông báo cấu hình AI; không tạo survey. | S18: Báo payload invalid; không tạo survey. | T18: Lỗi thân thiện; hết busy; không survey rác. | W18: 5 | X18: N – Bình thường | Y18: Input 1: sample.pdf/docx/txt | Input 2: Prompt bổ sung | Z18: Text trích xuất được dùng làm context. | AA18: AIG-005
B19: Lỗi / Thông báo | P19: AI not in plan | Q19: AI disabled | R19: Instance not configured | S19: ai_generated_payload_invalid | T19: Something went wrong | W19: 6 | X19: N – Bình thường | Y19: Input 1: context.csv/md/json | Input 2: - | Z19: Loại file được hỗ trợ làm context. | AA19: AIG-006
B20: Điểm kiểm tra | F20: Payload hợp lệ | G20: Không trộn ngôn ngữ vô lý | H20: Prompt đúng helper | I20: Một survey | J20: Tên/kích thước file hiển thị | K20: Không extension error | L20: Không crash | M20: MIN=4 | N20: Boundary min | O20: MAX=50000 | P20: Không gọi generate | Q20: Không gọi provider | R20: Không payload | S20: Không navigate editor | T20: Có thể retry | W20: 7 | X20: B – Giá trị biên | Y20: Input 1: Remove X | Input 2: - | Z20: Badge biến mất; UI ổn định. | AA20: AIG-007
A21: Result | B21: Type (N: Normal, A: Abnormal, B: Boundary) | F21: N | G21: N | H21: N | I21: N | J21: N | K21: N | L21: B | M21: B | N21: B | O21: B | P21: A | Q21: A | R21: A | S21: A | T21: A | W21: 8 | X21: B – Giá trị biên | Y21: Input 1: abc | Input 2: len=3 | Z21: Không cho create. | AA21: AIG-008
B22: Passed / Failed / Blocked | W22: 9 | X22: B – Giá trị biên | Y22: Input 1: test | Input 2: len=4 | Z22: Được phép submit nếu AI available. | AA22: AIG-009
B23: Executed Date | W23: 10 | X23: B – Giá trị biên | Y23: Input 1: 50,000 chars | Input 2: maxlength | Z23: Textarea không vượt 50.000; UI không vỡ. | AA23: AIG-010
B24: Defect ID | W24: 11 | X24: A – Bất thường | Y24: Input 1: not_in_plan | Input 2: - | Z24: Thông báo plan và không submit. | AA24: AIG-011
W25: 12 | X25: A – Bất thường | Y25: Input 1: not_enabled | Input 2: - | Z25: Thông báo bật AI; Create không khả dụng. | AA25: AIG-012
W26: 13 | X26: A – Bất thường | Y26: Input 1: instance_not_configured | Input 2: - | Z26: Thông báo cấu hình AI; không tạo survey. | AA26: AIG-013
W27: 14 | X27: A – Bất thường | Y27: Input 1: Invalid survey payload | Input 2: - | Z27: Báo payload invalid; không tạo survey. | AA27: AIG-014
W28: 15 | X28: A – Bất thường | Y28: Input 1: timeout/500 | Input 2: Valid prompt | Z28: Lỗi thân thiện; hết busy; không survey rác. | AA28: AIG-015

Sheet UT11_AI_Dich
A2: Function Code | C2: AI-TR-001 | F2: Function Name | H2: AI Native - Dịch khảo sát | W2: BẢNG PHÂN LỚP TƯƠNG ĐƯƠNG & GIÁ TRỊ BIÊN
A3: Created By | C3: QA / UAT Team | F3: Executed By | W3: Điều kiện (Condition) | X3: VP – Lớp hợp lệ | Y3: IP – Lớp không hợp lệ | Z3: VB – Biên hợp lệ | AA3: IB – Ngoài biên
A4: Source / Status | C4: Verified | https://github.com/Royal2005-coder/formailab/tree/ef92d78aa86916e6fbf4bc8a43044a4a4328154d/apps/web/modules/ee/ai-translation/lib/actions.ts | W4: Số field cần dịch | X4: ≥1 field | Y4: 0 field | Z4: 1 field | AA4: 0 field
A5: Test requirement | C5: Kiểm tra availability, quyền và dịch survey đa ngôn ngữ bằng AI. | W5: Ngôn ngữ nguồn/đích | X5: Mã ngôn ngữ không rỗng, hợp lệ | Y5: Rỗng / không hỗ trợ | Z5: Chuỗi tối thiểu được schema nhận | AA5: Chuỗi rỗng
A6: Passed | C6: Failed | E6: Blocked | G6: Untested | I6: N | K6: A | M6: B | O6: Total Test Cases | W6: Quyền dịch | X6: readWrite/owner/manager | Y6: read/no access | Z6: readWrite | AA6: read
A7: =COUNTIF(F22:Q22,"Passed") -> 0 | C7: =COUNTIF(F22:Q22,"Failed") -> 0 | E7: =COUNTIF(F22:Q22,"Blocked") -> 0 | G7: =12-A7-C7-E7 -> 12 | I7: =COUNTIF(F21:Q21,"N") -> 4 | K7: =COUNTIF(F21:Q21,"A") -> 7 | M7: =COUNTIF(F21:Q21,"B") -> 1 | O7: 12 | W7: AI availability | X7: Entitled + enabled + configured | Y7: Thiếu một trong ba điều kiện | Z7: Đủ cấu hình ở thời điểm gọi | AA7: Vừa bị disable/not configured
W8: Nội dung dịch | X8: Text hợp lệ | Y8: Payload field sai | Z8: Text có số/ký hiệu/xuống dòng | AA8: Text rỗng nếu field không cho phép
F9: AIT-001 | G9: AIT-002 | H9: AIT-003 | I9: AIT-004 | J9: AIT-005 | K9: AIT-006 | L9: AIT-007 | M9: AIT-008 | N9: AIT-009 | O9: AIT-010 | P9: AIT-011 | Q9: AIT-012 | W9: Quy ước: VP = Valid Partition (phân lớp hợp lệ); IP = Invalid Partition (phân lớp không hợp lệ); VB = Valid Boundary (giá trị biên hợp lệ); IB = Invalid/Outside Boundary (ngay ngoài biên). Nếu chức năng không có ngưỡng số cố định, biên được xác định theo validator/quyền/trạng thái cấu hình của hệ thống.
A10: Condition | B10: Tình huống | F10: AI Translation available | G10: Dịch một field vi→en | H10: Dịch nhiều field | I10: Giữ số/ký hiệu/xuống dòng | J10: Fields rỗng | K10: Source language rỗng | L10: Target language rỗng | M10: Không thuộc plan | N10: AI chưa enabled | O10: Instance chưa cấu hình | P10: Read-only không dịch | Q10: Refresh giữ source và target
B11: Tiền điều kiện | F11: AI đủ config | G11: readWrite; AI available | H11: AI available | I11: AI available | J11: Action test | K11: Action test | L11: Action test | M11: Entitlement=false | N11: Enabled=false | O11: Configured=false | P11: Permission=read | Q11: Đã dịch thành công
B12: Input 1 | F12: Survey hợp lệ | G12: source=vi | H12: title+question+option | I12: Dòng 1\nDòng 2 - 20% | J12: fields=[] | K12: sourceLanguage='' | L12: source=vi | M12: not_in_plan | N12: not_enabled | O12: instance_not_configured | P12: Translate fields | Q12: source=vi | W12: BẢNG DỮ LIỆU MẪU THỰC THI — KHÔNG TẠO TEST CASE ĐỘC LẬP
B13: Input 2 | F13: Manage translations | G13: target=en | H13: target=ja | I13: target=en | J13: target=en | K13: target=en | L13: target='' | M13: - | N13: - | O13: - | P13: - | Q13: target=es | W13: # | X13: Loại test case | Y13: Dữ liệu nhập / thao tác mẫu | Z13: Kết quả mong đợi | AA13: TC ID
A14: Confirm | B14: Bước 1 | F14: Mở survey | G14: Chọn field | H14: Chọn nhiều field | I14: Translate | J14: Gửi action | K14: Gửi action | L14: Gửi action | M14: Mở translations | N14: Mở translations | O14: Mở translations | P14: Đăng nhập read | Q14: Save | W14: 1 | X14: N – Bình thường | Y14: Input 1: Survey hợp lệ | Input 2: Manage translations | Z14: AI translation khả dụng. | AA14: AIT-001
B15: Bước 2 | F15: Mở translations | G15: Chọn ngôn ngữ | H15: Translate | I15: So source/target | J15: Quan sát validation | K15: Quan sát | L15: Quan sát | M15: Quan sát | N15: Quan sát | O15: Quan sát | P15: Mở translations | Q15: Refresh | W15: 2 | X15: N – Bình thường | Y15: Input 1: source=vi | Input 2: target=en | Z15: Bản dịch được trả đúng field; source không đổi. | AA15: AIT-002
B16: Bước 3 | F16: Kiểm tra AI action | G16: Translate | H16: Đếm result | I16: Kiểm tra 20% | J16: Không gọi provider | K16: - | L16: - | M16: Thử AI action | N16: - | O16: - | P16: Thử Translate | Q16: Chuyển locale | W16: 3 | X16: N – Bình thường | Y16: Input 1: title+question+option | Input 2: target=ja | Z16: Số bản dịch khớp field, không lệch thứ tự. | AA16: AIT-003
B17: Bước 4 | F17: - | G17: So source/target | H17: Mở từng field | I17: Kiểm tra line breaks | J17: - | K17: - | L17: - | M17: - | N17: - | O17: - | P17: Quan sát | Q17: So nội dung | W17: 4 | X17: B – Giá trị biên | Y17: Input 1: Dòng 1\nDòng 2 - 20% | Input 2: target=en | Z17: Giữ dữ liệu số/ký hiệu quan trọng và cấu trúc hợp lý. | AA17: AIT-004
B18: Kết quả mong đợi | F18: AI translation khả dụng. | G18: Bản dịch được trả đúng field; source không đổi. | H18: Số bản dịch khớp field, không lệch thứ tự. | I18: Giữ dữ liệu số/ký hiệu quan trọng và cấu trúc hợp lý. | J18: Schema chặn. | K18: Schema chặn. | L18: Schema chặn. | M18: Thông báo không thuộc plan. | N18: Thông báo AI chưa bật. | O18: Thông báo cấu hình instance. | P18: Backend/UI chặn vì cần readWrite. | Q18: Source nguyên; target đúng locale vẫn tồn tại. | W18: 5 | X18: A – Bất thường | Y18: Input 1: fields=[] | Input 2: target=en | Z18: Schema chặn. | AA18: AIT-005
B19: Lỗi / Thông báo | J19: fields min(1) | K19: sourceLanguage min(1) | L19: targetLanguage min(1) | M19: not_in_plan | N19: not_enabled | O19: instance_not_configured | P19: Authorization | W19: 6 | X19: A – Bất thường | Y19: Input 1: sourceLanguage='' | Input 2: target=en | Z19: Schema chặn. | AA19: AIT-006
B20: Điểm kiểm tra | F20: available=true | G20: Target lưu đúng | H20: Không mất field | I20: 20% không đổi | J20: Không translation rỗng | K20: Không provider | L20: Không provider | M20: Không translate | N20: Không translate | O20: Không provider | P20: Không sửa target | Q20: Không ghi đè source | W20: 7 | X20: A – Bất thường | Y20: Input 1: source=vi | Input 2: target='' | Z20: Schema chặn. | AA20: AIT-007
A21: Result | B21: Type (N: Normal, A: Abnormal, B: Boundary) | F21: N | G21: N | H21: N | I21: B | J21: A | K21: A | L21: A | M21: A | N21: A | O21: A | P21: A | Q21: N | W21: 8 | X21: A – Bất thường | Y21: Input 1: not_in_plan | Input 2: - | Z21: Thông báo không thuộc plan. | AA21: AIT-008
B22: Passed / Failed / Blocked | W22: 9 | X22: A – Bất thường | Y22: Input 1: not_enabled | Input 2: - | Z22: Thông báo AI chưa bật. | AA22: AIT-009
B23: Executed Date | W23: 10 | X23: A – Bất thường | Y23: Input 1: instance_not_configured | Input 2: - | Z23: Thông báo cấu hình instance. | AA23: AIT-010
B24: Defect ID | W24: 11 | X24: A – Bất thường | Y24: Input 1: Translate fields | Input 2: - | Z24: Backend/UI chặn vì cần readWrite. | AA24: AIT-011
W25: 12 | X25: N – Bình thường | Y25: Input 1: source=vi | Input 2: target=es | Z25: Source nguyên; target đúng locale vẫn tồn tại. | AA25: AIT-012

Sheet UT12_AI_Sentiment
A2: Function Code | C2: AI-SEN-001 | F2: Function Name | H2: AI Native - Sentiment & Emotions | W2: BẢNG PHÂN LỚP TƯƠNG ĐƯƠNG & GIÁ TRỊ BIÊN
A3: Created By | C3: QA / UAT Team | F3: Executed By | W3: Điều kiện (Condition) | X3: VP – Lớp hợp lệ | Y3: IP – Lớp không hợp lệ | Z3: VB – Biên hợp lệ | AA3: IB – Ngoài biên
A4: Source / Status | C4: Partial | https://github.com/Royal2005-coder/formailab/tree/ef92d78aa86916e6fbf4bc8a43044a4a4328154d/apps/web/modules/ee/unify-feedback/components/feedback-record-form-drawer.tsx | W4: Loại feedback | X4: value_text | Y4: number/boolean không áp sentiment text | Z4: Text rỗng → Not enriched | AA4: Giá trị null/absent
A5: Test requirement | C5: Kiểm tra hiển thị enrichment sentiment/emotions trên feedback record. | W5: Trạng thái enrichment | X5: Có sentiment/emotions | Y5: Cấu trúc enrichment sai | Z5: sentiment=null → Not enriched | AA5: Kiểu dữ liệu không hỗ trợ
A6: Passed | C6: Failed | E6: Blocked | G6: Untested | I6: N | K6: A | M6: B | O6: Total Test Cases | W6: Sentiment score | X6: Numeric score | Y6: Sai kiểu | Z6: Giá trị được format 2 chữ số thập phân | AA6: NaN/null → không hiển thị score số
A7: =COUNTIF(F22:Q22,"Passed") -> 0 | C7: =COUNTIF(F22:Q22,"Failed") -> 0 | E7: =COUNTIF(F22:Q22,"Blocked") -> 0 | G7: =12-A7-C7-E7 -> 12 | I7: =COUNTIF(F21:Q21,"N") -> 6 | K7: =COUNTIF(F21:Q21,"A") -> 2 | M7: =COUNTIF(F21:Q21,"B") -> 4 | O7: 12 | W7: Emotions | X7: Array hoặc string được UI hỗ trợ | Y7: Object/kiểu không hỗ trợ | Z7: Mảng 1 phần tử | AA7: Mảng rỗng/null
W8: Quyền chỉnh sửa | X8: AI enrichment chỉ đọc | Y8: Cố chỉnh tay | Z8: canWrite nhưng enrichment vẫn read-only | AA8: Mutation trái contract
F9: SEN-001 | G9: SEN-002 | H9: SEN-003 | I9: SEN-004 | J9: SEN-005 | K9: SEN-006 | L9: SEN-007 | M9: SEN-008 | N9: SEN-009 | O9: SEN-010 | P9: SEN-011 | Q9: SEN-012 | W9: Quy ước: VP = Valid Partition (phân lớp hợp lệ); IP = Invalid Partition (phân lớp không hợp lệ); VB = Valid Boundary (giá trị biên hợp lệ); IB = Invalid/Outside Boundary (ngay ngoài biên). Nếu chức năng không có ngưỡng số cố định, biên được xác định theo validator/quyền/trạng thái cấu hình của hệ thống.
A10: Condition | B10: Tình huống | F10: Sentiment tích cực | G10: Sentiment tiêu cực | H10: Sentiment neutral | I10: Emotions dạng array | J10: Chưa enrichment | K10: Non-text record | L10: Format sentiment score | M10: Translation và sentiment cùng tồn tại | N10: Enrichment read-only | O10: Emotions dạng string | P10: Open text rỗng | Q10: Refresh sau khi pipeline hoàn tất
B11: Tiền điều kiện | F11: Record enriched | G11: Record enriched | H11: Record enriched | I11: Record có emotions | J11: sentiment/emotions null | K11: Field type number/boolean | L11: Score=0.87654 | M11: Record có translation+sentiment | N11: Record enriched | O11: Fixture string | P11: Record text rỗng | Q11: Có job enrichment
B12: Input 1 | F12: Text tích cực | G12: Text tiêu cực | H12: Text trung tính | I12: joy, trust | J12: Not enriched | K12: value=5 | L12: 0.87654 | M12: target=en | N12: Edit sentiment | O12: joy,trust | P12: '' | Q12: Before=null | W12: BẢNG DỮ LIỆU MẪU THỰC THI — KHÔNG TẠO TEST CASE ĐỘC LẬP
B13: Input 2 | F13: sentiment+score | G13: negative | H13: neutral | I13: array | J13: - | K13: - | L13: - | M13: positive | N13: - | O13: string | P13: No enrichment | Q13: After=fixture | W13: # | X13: Loại test case | Y13: Dữ liệu nhập / thao tác mẫu | Z13: Kết quả mong đợi | AA13: TC ID
A14: Confirm | B14: Bước 1 | F14: Mở Feedback Record | G14: Mở record | H14: Mở record | I14: Mở record | J14: Mở record | K14: Mở record | L14: Mở record | M14: Mở record | N14: Mở record | O14: Mở record | P14: Mở record | Q14: Mở record trước | W14: 1 | X14: N – Bình thường | Y14: Input 1: Text tích cực | Input 2: sentiment+score | Z14: Hiển thị positive và score đúng fixture. | AA14: SEN-001
B15: Bước 2 | F15: Đọc sentiment | G15: Đọc label | H15: Đọc label | I15: Đọc emotions | J15: Quan sát khối AI | K15: Quan sát AI block | L15: Đọc score | M15: Đọc translated text | N15: Tìm input edit | O15: Đọc label | P15: Quan sát | Q15: Chờ pipeline fixture | W15: 2 | X15: N – Bình thường | Y15: Input 1: Text tiêu cực | Input 2: negative | Z15: Hiển thị negative đúng. | AA15: SEN-002
B16: Bước 3 | F16: Đọc score | G16: So fixture | H16: Đổi locale nếu cần | I16: So fixture | J16: Refresh | K16: - | L16: - | M16: Đọc AI enrichment | N16: Thử thao tác | O16: - | P16: - | Q16: Refresh/reopen | W16: 3 | X16: N – Bình thường | Y16: Input 1: Text trung tính | Input 2: neutral | Z16: Hiển thị neutral bằng label phù hợp. | AA16: SEN-003
B17: Bước 4 | F17: So fixture | G17: - | H17: - | I17: - | J17: - | K17: - | L17: - | M17: So source | N17: - | O17: - | P17: - | Q17: Đọc AI block | W17: 4 | X17: N – Bình thường | Y17: Input 1: joy, trust | Input 2: array | Z17: Danh sách emotion hiển thị đầy đủ. | AA17: SEN-004
B18: Kết quả mong đợi | F18: Hiển thị positive và score đúng fixture. | G18: Hiển thị negative đúng. | H18: Hiển thị neutral bằng label phù hợp. | I18: Danh sách emotion hiển thị đầy đủ. | J18: Hiển thị chưa enrichment; không tạo kết quả giả. | K18: Không áp sentiment text sai loại. | L18: Hiển thị 0.88. | M18: Hai khối riêng; source không bị ghi đè. | N18: Không có control sửa tay sentiment/emotions. | O18: Render an toàn. | P18: Không suy diễn sentiment giả. | Q18: Dữ liệu enrichment mới xuất hiện. | W18: 5 | X18: B – Giá trị biên | Y18: Input 1: Not enriched | Input 2: - | Z18: Hiển thị chưa enrichment; không tạo kết quả giả. | AA18: SEN-005
B19: Lỗi / Thông báo | W19: 6 | X19: B – Giá trị biên | Y19: Input 1: value=5 | Input 2: - | Z19: Không áp sentiment text sai loại. | AA19: SEN-006
B20: Điểm kiểm tra | F20: Score 2 số lẻ | G20: Không nhầm positive | H20: Map locale đúng | I20: Không [object Object] | J20: Không hiển thị 0 giả | K20: Không enrichment block nếu contract không áp dụng | L20: toFixed(2) | M20: Không trộn field | N20: Không mutate enrichment | O20: Không crash | P20: Absent/not enriched | Q20: Không cache state cũ | W20: 7 | X20: B – Giá trị biên | Y20: Input 1: 0.87654 | Input 2: - | Z20: Hiển thị 0.88. | AA20: SEN-007
A21: Result | B21: Type (N: Normal, A: Abnormal, B: Boundary) | F21: N | G21: N | H21: N | I21: N | J21: B | K21: B | L21: B | M21: N | N21: A | O21: B | P21: A | Q21: N | W21: 8 | X21: N – Bình thường | Y21: Input 1: target=en | Input 2: positive | Z21: Hai khối riêng; source không bị ghi đè. | AA21: SEN-008
B22: Passed / Failed / Blocked | W22: 9 | X22: A – Bất thường | Y22: Input 1: Edit sentiment | Input 2: - | Z22: Không có control sửa tay sentiment/emotions. | AA22: SEN-009
B23: Executed Date | W23: 10 | X23: B – Giá trị biên | Y23: Input 1: joy,trust | Input 2: string | Z23: Render an toàn. | AA23: SEN-010
B24: Defect ID | W24: 11 | X24: A – Bất thường | Y24: Input 1: '' | Input 2: No enrichment | Z24: Không suy diễn sentiment giả. | AA24: SEN-011
W25: 12 | X25: N – Bình thường | Y25: Input 1: Before=null | Input 2: After=fixture | Z25: Dữ liệu enrichment mới xuất hiện. | AA25: SEN-012

Sheet UT13_AI_TopicTree
A2: Function Code | C2: AI-TOP-001 | F2: Function Name | H2: AI Native - Topic/Subtopic Tree | W2: BẢNG PHÂN LỚP TƯƠNG ĐƯƠNG & GIÁ TRỊ BIÊN
A3: Created By | C3: QA / UAT Team | F3: Executed By | W3: Điều kiện (Condition) | X3: VP – Lớp hợp lệ | Y3: IP – Lớp không hợp lệ | Z3: VB – Biên hợp lệ | AA3: IB – Ngoài biên
A4: Source / Status | C4: Verified | https://github.com/Royal2005-coder/formailab/tree/ef92d78aa86916e6fbf4bc8a43044a4a4328154d/apps/web/modules/ee/unify-feedback/topics-subtopics/components/topics-subtopics-container.tsx | W4: Số open-text records | X4: ≥750 | Y4: <750 đối với điều kiện generate | Z4: 750 | AA4: 749
A5: Test requirement | C5: Kiểm tra gate dữ liệu, embedding, generate taxonomy và quản trị node. | W5: Pending embeddings | X5: 0–50 | Y5: >50 | Z5: 50 | AA5: 51
A6: Passed | C6: Failed | E6: Blocked | G6: Untested | I6: N | K6: A | M6: B | O6: Total Test Cases | W6: Quyền taxonomy | X6: canWrite=true | Y6: canWrite=false | Z6: read-only vẫn xem được | AA6: read-only cố generate/rename/remove
A7: =COUNTIF(F22:T22,"Passed") -> 0 | C7: =COUNTIF(F22:T22,"Failed") -> 0 | E7: =COUNTIF(F22:T22,"Blocked") -> 0 | G7: =15-A7-C7-E7 -> 15 | I7: =COUNTIF(F21:T21,"N") -> 6 | K7: =COUNTIF(F21:T21,"A") -> 4 | M7: =COUNTIF(F21:T21,"B") -> 5 | O7: 15 | W7: Trạng thái run | X7: succeeded / pending / running | Y7: failed / service unavailable | Z7: Terminal succeeded | AA7: Poll lỗi tạm thời
W8: Node tree | X8: Node tồn tại | Y8: Node ID không tồn tại | Z8: Node đang chọn vừa bị remove | AA8: Selection cũ không còn sau regenerate
F9: TOP-001 | G9: TOP-002 | H9: TOP-003 | I9: TOP-004 | J9: TOP-005 | K9: TOP-006 | L9: TOP-007 | M9: TOP-008 | N9: TOP-009 | O9: TOP-010 | P9: TOP-011 | Q9: TOP-012 | R9: TOP-013 | S9: TOP-014 | T9: TOP-015 | W9: Quy ước: VP = Valid Partition (phân lớp hợp lệ); IP = Invalid Partition (phân lớp không hợp lệ); VB = Valid Boundary (giá trị biên hợp lệ); IB = Invalid/Outside Boundary (ngay ngoài biên). Nếu chức năng không có ngưỡng số cố định, biên được xác định theo validator/quyền/trạng thái cấu hình của hệ thống.
A10: Condition | B10: Tình huống | F10: 749 open-text records | G10: Đúng 750 records | H10: Pending embeddings=51 | I10: Pending embeddings=50 | J10: Generate taxonomy | K10: Mặc định chọn top-level đầu | L10: Chọn node xem records | M10: Rename node | N10: Remove node có confirm | O10: Cancel remove | P10: Read-only | Q10: Service unavailable | R10: Run generation failed | S10: Polling lỗi tạm thời | T10: Regenerate thay tree
B11: Tiền điều kiện | F11: Directory fixture | G11: Directory fixture | H11: Có >=750 | I11: Có >=750 | J11: Gate pass; canWrite | K11: Có active tree | L11: Tree có records | M11: canWrite | N11: canWrite | O11: Modal đang mở | P11: canWrite=false | Q11: Mock Hub unavailable | R11: Mock failed run | S11: Run pending/running | T11: Có active tree
B12: Input 1 | F12: 749 records | G12: 750 records | H12: 51 pending | I12: 50 pending | J12: Generate | K12: First top-level | L12: Topic A | M12: Tên mới | N12: Node cần xóa | O12: Cancel | P12: Generate/Rename/Remove | Q12: Service down | R12: generation_failed | S12: Poll error | T12: Regenerate | W12: BẢNG DỮ LIỆU MẪU THỰC THI — KHÔNG TẠO TEST CASE ĐỘC LẬP
B13: Input 2 | F13: 749 embedded | G13: 750 embedded | H13: - | I13: - | J13: Directory | K13: - | L13: - | M13: Topic A | N13: Confirm | O13: Node A | P13: - | Q13: Retry | R13: - | S13: Retry | T13: Node cũ mất | W13: # | X13: Loại test case | Y13: Dữ liệu nhập / thao tác mẫu | Z13: Kết quả mong đợi | AA13: TC ID
A14: Confirm | B14: Bước 1 | F14: Mở Topics/Subtopics | G14: Mở page | H14: Mở page | I14: Mở page | J14: Bấm Generate | K14: Mở page | L14: Click Topic A | M14: Mở edit | N14: Chọn Remove | O14: Chọn Remove | P14: Đăng nhập read | Q14: Mở page | R14: Trigger run | S14: Trigger run | T14: Chọn node cũ | W14: 1 | X14: B – Giá trị biên | Y14: Input 1: 749 records | Input 2: 749 embedded | Z14: Hiển thị insufficient gate; chưa generate. | AA14: TOP-001
B15: Bước 2 | F15: Chờ field count | G15: Chờ count | H15: Quan sát gate | I15: Quan sát progress | J15: Theo dõi toast | K15: Chờ tree | L15: Chờ records | M15: Rename | N15: Đọc modal | O15: Bấm Cancel | P15: Mở taxonomy | Q15: Quan sát alert | R15: Chờ failed | S15: Mô phỏng poll lỗi | T15: Regenerate | W15: 2 | X15: B – Giá trị biên | Y15: Input 1: 750 records | Input 2: 750 embedded | Z15: Qua insufficient gate. | AA15: TOP-002
B16: Bước 3 | F16: Quan sát gate | G16: Quan sát control | H16: - | I16: Kiểm tra Generate | J16: Chờ terminal status | K16: Quan sát selection | L16: Đếm/so fixture | M16: Save | N16: Confirm | O16: Refresh | P16: Tìm controls | Q16: Bấm Retry | R16: Đọc thông báo | S16: Quan sát warning | T16: Chờ success | W16: 3 | X16: B – Giá trị biên | Y16: Input 1: 51 pending | Input 2: - | Z16: Hard embedding gate. | AA16: TOP-003
B17: Bước 4 | F17: - | G17: - | H17: - | I17: - | J17: Quan sát tree | K17: - | L17: Chọn Topic B | M17: Refresh | N17: Quan sát counts | O17: Kiểm tra tree | P17: Thử thao tác | Q17: Quan sát Generate | R17: Retry | S17: Retry | T17: Quan sát selection | W17: 4 | X17: B – Giá trị biên | Y17: Input 1: 50 pending | Input 2: - | Z17: Không hard-gate; inline progress. | AA17: TOP-004
B18: Kết quả mong đợi | F18: Hiển thị insufficient gate; chưa generate. | G18: Qua insufficient gate. | H18: Hard embedding gate. | I18: Không hard-gate; inline progress. | J18: Run success và tree xuất hiện. | K18: Topic cấp 1 đầu được chọn nếu chưa có selection hợp lệ. | L18: Panel records đúng node. | M18: Tên mới được lưu. | N18: Node bị xóa và count liên quan refetch. | O18: Node vẫn tồn tại. | P18: Xem được nếu có quyền read; write bị chặn. | Q18: Alert rõ ràng; generate disabled khi service unreachable. | R18: Thông báo localized; có retry khi service còn hoạt động. | S18: Hiển thị warning + retry, không kết luận failure ngay. | T18: Nếu node cũ không còn, chọn top-level đầu của tree mới. | W18: 5 | X18: N – Bình thường | Y18: Input 1: Generate | Input 2: Directory | Z18: Run success và tree xuất hiện. | AA18: TOP-005
B19: Lỗi / Thông báo | P19: Authorization | Q19: Service unavailable | R19: generation_failed | W19: 6 | X19: N – Bình thường | Y19: Input 1: First top-level | Input 2: - | Z19: Topic cấp 1 đầu được chọn nếu chưa có selection hợp lệ. | AA19: TOP-006
B20: Điểm kiểm tra | F20: MIN=750 | G20: Boundary 750 | H20: Threshold >50 | I20: Boundary 50 | J20: status=succeeded | K20: Records panel đồng bộ | L20: Không lẫn node | M20: ID không đổi ngoài thiết kế | N20: Selection reset nếu node đang chọn | O20: Không mutate | P20: Không mutate | Q20: Không dump raw detail | R20: Không che tree cũ nếu regenerate fail | S20: Có thể tự hồi phục | T20: Không selectedNode invalid | W20: 7 | X20: N – Bình thường | Y20: Input 1: Topic A | Input 2: - | Z20: Panel records đúng node. | AA20: TOP-007
A21: Result | B21: Type (N: Normal, A: Abnormal, B: Boundary) | F21: B | G21: B | H21: B | I21: B | J21: N | K21: N | L21: N | M21: N | N21: N | O21: B | P21: A | Q21: A | R21: A | S21: A | T21: N | W21: 8 | X21: N – Bình thường | Y21: Input 1: Tên mới | Input 2: Topic A | Z21: Tên mới được lưu. | AA21: TOP-008
B22: Passed / Failed / Blocked | W22: 9 | X22: N – Bình thường | Y22: Input 1: Node cần xóa | Input 2: Confirm | Z22: Node bị xóa và count liên quan refetch. | AA22: TOP-009
B23: Executed Date | W23: 10 | X23: B – Giá trị biên | Y23: Input 1: Cancel | Input 2: Node A | Z23: Node vẫn tồn tại. | AA23: TOP-010
B24: Defect ID | W24: 11 | X24: A – Bất thường | Y24: Input 1: Generate/Rename/Remove | Input 2: - | Z24: Xem được nếu có quyền read; write bị chặn. | AA24: TOP-011
W25: 12 | X25: A – Bất thường | Y25: Input 1: Service down | Input 2: Retry | Z25: Alert rõ ràng; generate disabled khi service unreachable. | AA25: TOP-012
W26: 13 | X26: A – Bất thường | Y26: Input 1: generation_failed | Input 2: - | Z26: Thông báo localized; có retry khi service còn hoạt động. | AA26: TOP-013
W27: 14 | X27: A – Bất thường | Y27: Input 1: Poll error | Input 2: Retry | Z27: Hiển thị warning + retry, không kết luận failure ngay. | AA27: TOP-014
W28: 15 | X28: N – Bình thường | Y28: Input 1: Regenerate | Input 2: Node cũ mất | Z28: Nếu node cũ không còn, chọn top-level đầu của tree mới. | AA28: TOP-015

Sheet UT14_AI_ResultChat
A2: Function Code | C2: AI-CHAT-001 | F2: Function Name | H2: AI Native - Chat với kết quả khảo sát | W2: BẢNG PHÂN LỚP TƯƠNG ĐƯƠNG & GIÁ TRỊ BIÊN
A3: Created By | C3: QA / UAT Team | F3: Executed By | W3: Điều kiện (Condition) | X3: VP – Lớp hợp lệ | Y3: IP – Lớp không hợp lệ | Z3: VB – Biên hợp lệ | AA3: IB – Ngoài biên
A4: Source / Status | C4: GAP | GAP: chưa xác minh implementation cụ thể trong snapshot | W4: Dữ liệu survey | X4: >0 response | Y4: Không có quyền / dữ liệu không tồn tại | Z4: 0 response → báo chưa có dữ liệu | AA4: Cross-workspace / survey không quyền
A5: Test requirement | C5: Acceptance contract cho hỏi-đáp trên dữ liệu survey; nếu build chưa có entry point thì đánh Blocked. | W5: Prompt | X5: Câu hỏi bám dữ liệu survey | Y5: Câu hỏi ngoài phạm vi dữ liệu | Z5: Prompt tối thiểu hợp lệ theo UI | AA5: Prompt rỗng/không hợp lệ
A6: Passed | C6: Failed | E6: Blocked | G6: Untested | I6: N | K6: A | M6: B | O6: Total Test Cases | W6: Groundedness | X6: Fact khớp dữ liệu nguồn | Y6: Bịa số liệu/chủ đề | Z6: Thiếu dữ liệu → trả lời 'không đủ dữ liệu' | AA6: Khẳng định fact khi không có nguồn
A7: =COUNTIF(F22:O22,"Passed") -> 0 | C7: =COUNTIF(F22:O22,"Failed") -> 0 | E7: =COUNTIF(F22:O22,"Blocked") -> 0 | G7: =10-A7-C7-E7 -> 10 | I7: =COUNTIF(F21:O21,"N") -> 5 | K7: =COUNTIF(F21:O21,"A") -> 3 | M7: =COUNTIF(F21:O21,"B") -> 2 | O7: 10 | W7: Provider AI | X7: Available | Y7: Timeout/500/unavailable | Z7: Ngay trước timeout vẫn nhận response | AA7: Request thất bại
W8: Feature availability | X8: Build có AI Result Chat | Y8: Build chưa có feature | Z8: Entry point tồn tại nhưng survey 0 response | AA8: Không có entry point → Blocked
F9: CHAT-001 | G9: CHAT-002 | H9: CHAT-003 | I9: CHAT-004 | J9: CHAT-005 | K9: CHAT-006 | L9: CHAT-007 | M9: CHAT-008 | N9: CHAT-009 | O9: CHAT-010 | W9: Quy ước: VP = Valid Partition (phân lớp hợp lệ); IP = Invalid Partition (phân lớp không hợp lệ); VB = Valid Boundary (giá trị biên hợp lệ); IB = Invalid/Outside Boundary (ngay ngoài biên). Nếu chức năng không có ngưỡng số cố định, biên được xác định theo validator/quyền/trạng thái cấu hình của hệ thống.
A10: Condition | B10: Tình huống | F10: Mở AI Chat trong đúng survey | G10: Hỏi tổng số phản hồi | H10: Tóm tắt open-text | I10: Hỏi sentiment | J10: Follow-up theo context | K10: Câu hỏi ngoài dữ liệu | L10: Survey 0 response | M10: User không có quyền | N10: Provider timeout/500 | O10: Không khẳng định fact không tồn tại
B11: Tiền điều kiện | F11: Feature được triển khai | G11: Chat có context | H11: Có fixture text | I11: Có enrichment | J11: Đã có Q1 | K11: Chat hoạt động | L11: response=0 | M11: Không có access | N11: Mock provider lỗi | O11: Fixture known facts
B12: Input 1 | F12: Survey Results | G12: Có bao nhiêu phản hồi? | H12: Tóm tắt 3 vấn đề chính | I12: Tỷ lệ phản hồi tiêu cực? | J12: Còn nhóm thấp nhất? | K12: Dự đoán doanh thu năm sau? | L12: Tóm tắt kết quả | M12: Survey khác workspace | N12: Valid prompt | O12: 3 câu hỏi kiểm chứng | W12: BẢNG DỮ LIỆU MẪU THỰC THI — KHÔNG TẠO TEST CASE ĐỘC LẬP
B13: Input 2 | F13: AI Chat | G13: Ground truth=N | H13: 3 topic biết trước | I13: Fixture sentiment | J13: Q1 trước đó | K13: Survey không có revenue | L13: - | M13: Chat action | N13: timeout/500 | O13: Ground truth | W13: # | X13: Loại test case | Y13: Dữ liệu nhập / thao tác mẫu | Z13: Kết quả mong đợi | AA13: TC ID
A14: Confirm | B14: Bước 1 | F14: Mở Results | G14: Gửi prompt | H14: Gửi prompt | I14: Gửi prompt | J14: Gửi Q1 | K14: Gửi prompt | L14: Mở chat | M14: Đăng nhập user khác | N14: Gửi prompt | O14: Gửi lần lượt | W14: 1 | X14: N – Bình thường | Y14: Input 1: Survey Results | Input 2: AI Chat | Z14: Chat dùng đúng survey hiện tại. | AA14: CHAT-001
B15: Bước 2 | F15: Mở AI Chat | G15: Chờ trả lời | H15: Đọc summary | I15: So dữ liệu | J15: Gửi follow-up | K15: Đọc trả lời | L15: Gửi prompt | M15: Mở URL/action | N15: Chờ lỗi | O15: So từng fact | W15: 2 | X15: N – Bình thường | Y15: Input 1: Có bao nhiêu phản hồi? | Input 2: Ground truth=N | Z15: Trả N đúng ground truth. | AA15: CHAT-002
B16: Bước 3 | F16: Kiểm tra context | G16: So dashboard | H16: So sample records | I16: Kiểm tra thiếu field | J16: Đọc câu trả lời | K16: - | L16: Đọc trả lời | M16: Gửi prompt nếu UI lọt | N16: Retry | O16: Đánh dấu mismatch | W16: 3 | X16: N – Bình thường | Y16: Input 1: Tóm tắt 3 vấn đề chính | Input 2: 3 topic biết trước | Z16: Summary bám dữ liệu, không thêm topic giả. | AA16: CHAT-003
B17: Bước 4 | F17: - | G17: - | H17: - | I17: - | J17: So fixture | K17: - | L17: - | M17: Quan sát | N17: Kiểm tra history | O17: - | W17: 4 | X17: N – Bình thường | Y17: Input 1: Tỷ lệ phản hồi tiêu cực? | Input 2: Fixture sentiment | Z17: Kết quả nhất quán với sentiment data. | AA17: CHAT-004
B18: Kết quả mong đợi | F18: Chat dùng đúng survey hiện tại. | G18: Trả N đúng ground truth. | H18: Summary bám dữ liệu, không thêm topic giả. | I18: Kết quả nhất quán với sentiment data. | J18: Hiểu hội thoại nhưng không đổi survey context. | K18: Nói không đủ dữ liệu/giới hạn; không bịa. | L18: Thông báo chưa có dữ liệu. | M18: Bị chặn trước khi dữ liệu gửi AI. | N18: Lỗi thân thiện; retry được; không duplicate message. | O18: Fact quan trọng khớp nguồn; thiếu thì nói thiếu. | W18: 5 | X18: N – Bình thường | Y18: Input 1: Còn nhóm thấp nhất? | Input 2: Q1 trước đó | Z18: Hiểu hội thoại nhưng không đổi survey context. | AA18: CHAT-005
B19: Lỗi / Thông báo | F19: Nếu chưa có UI: Blocked | K19: Không đủ dữ liệu | M19: Authorization | N19: AI unavailable | W19: 6 | X19: A – Bất thường | Y19: Input 1: Dự đoán doanh thu năm sau? | Input 2: Survey không có revenue | Z19: Nói không đủ dữ liệu/giới hạn; không bịa. | AA19: CHAT-006
B20: Điểm kiểm tra | F20: Không dùng dữ liệu survey khác | G20: Không bịa số | H20: Groundedness | I20: Không tự suy diễn field thiếu | J20: Không mất context | K20: Có hướng dẫn câu hỏi phù hợp | L20: Không summary giả | M20: Không data leak | N20: History ổn định | O20: Manual groundedness check | W20: 7 | X20: B – Giá trị biên | Y20: Input 1: Tóm tắt kết quả | Input 2: - | Z20: Thông báo chưa có dữ liệu. | AA20: CHAT-007
A21: Result | B21: Type (N: Normal, A: Abnormal, B: Boundary) | F21: N | G21: N | H21: N | I21: N | J21: N | K21: A | L21: B | M21: A | N21: A | O21: B | W21: 8 | X21: A – Bất thường | Y21: Input 1: Survey khác workspace | Input 2: Chat action | Z21: Bị chặn trước khi dữ liệu gửi AI. | AA21: CHAT-008
B22: Passed / Failed / Blocked | W22: 9 | X22: A – Bất thường | Y22: Input 1: Valid prompt | Input 2: timeout/500 | Z22: Lỗi thân thiện; retry được; không duplicate message. | AA22: CHAT-009
B23: Executed Date | W23: 10 | X23: B – Giá trị biên | Y23: Input 1: 3 câu hỏi kiểm chứng | Input 2: Ground truth | Z23: Fact quan trọng khớp nguồn; thiếu thì nói thiếu. | AA23: CHAT-010
B24: Defect ID

Sheet UT15_TichHop
A2: Function Code | C2: INTG-001 | F2: Function Name | H2: Webhook & Tích hợp ngoài | W2: BẢNG PHÂN LỚP TƯƠNG ĐƯƠNG & GIÁ TRỊ BIÊN
A3: Created By | C3: QA / UAT Team | F3: Executed By | W3: Điều kiện (Condition) | X3: VP – Lớp hợp lệ | Y3: IP – Lớp không hợp lệ | Z3: VB – Biên hợp lệ | AA3: IB – Ngoài biên
A4: Source / Status | C4: Verified | https://github.com/Royal2005-coder/formailab/tree/ef92d78aa86916e6fbf4bc8a43044a4a4328154d/apps/web/modules/integrations | W4: Webhook URL | X4: HTTPS URL hợp lệ | Y4: URL sai / thiếu scheme | Z4: URL tối thiểu hợp lệ | AA4: URL malformed
A5: Test requirement | C5: Kiểm tra webhook và các kết nối ngoài theo quyền, callback, lỗi và thu hồi kết nối. | W5: Webhook response | X5: 2xx | Y5: 4xx/5xx | Z5: 200 | AA5: 500
A6: Passed | C6: Failed | E6: Blocked | G6: Untested | I6: N | K6: A | M6: B | O6: Total Test Cases | W6: OAuth state | X6: State/callback hợp lệ | Y6: State sai/hết hạn | Z6: Callback đúng một lần | AA6: Replay/callback state sai
A7: =COUNTIF(F22:Q22,"Passed") -> 0 | C7: =COUNTIF(F22:Q22,"Failed") -> 0 | E7: =COUNTIF(F22:Q22,"Blocked") -> 0 | G7: =12-A7-C7-E7 -> 12 | I7: =COUNTIF(F21:Q21,"N") -> 5 | K7: =COUNTIF(F21:Q21,"A") -> 7 | M7: =COUNTIF(F21:Q21,"B") -> 0 | O7: 12 | W7: Quyền cấu hình | X7: readWrite/admin | Y7: read/no access | Z7: Quyền vừa đủ | AA7: Cross-workspace
W8: Secret/token | X8: Lưu và che/mask đúng | Y8: Lộ secret hoặc token sai | Z8: Hiển thị masked | AA8: Hiển thị full secret
F9: INTG-001 | G9: INTG-002 | H9: INTG-003 | I9: INTG-004 | J9: INTG-005 | K9: INTG-006 | L9: INTG-007 | M9: INTG-008 | N9: INTG-009 | O9: INTG-010 | P9: INTG-011 | Q9: INTG-012 | W9: Quy ước: VP = Valid Partition (phân lớp hợp lệ); IP = Invalid Partition (phân lớp không hợp lệ); VB = Valid Boundary (giá trị biên hợp lệ); IB = Invalid/Outside Boundary (ngay ngoài biên). Nếu chức năng không có ngưỡng số cố định, biên được xác định theo validator/quyền/trạng thái cấu hình của hệ thống.
A10: Condition | B10: Tình huống | F10: Tạo webhook | G10: Webhook nhận event response | H10: Webhook endpoint 500 | I10: Webhook URL không hợp lệ | J10: Xóa webhook | K10: Kết nối OAuth dịch vụ ngoài | L10: OAuth user từ chối consent | M10: OAuth callback/state sai | N10: Thu hồi/disconnect integration | O10: Read-only không cấu hình integration | P10: Hai workspace có integration riêng | Q10: Secret/credential không hiển thị lộ
B11: Tiền điều kiện | F11: Có quyền | G11: Webhook active | H11: Endpoint mock 500 | I11: Có quyền | J11: Webhook tồn tại | K11: Sandbox account | L11: Provider sandbox | M11: Test callback lỗi | N11: Đã connected | O11: Permission=read | P11: A/B | Q11: Đã cấu hình secret
B12: Input 1 | F12: HTTPS endpoint test | G12: Submit response | H12: HTTP 500 | I12: invalid URL | J12: Delete | K12: Provider được hỗ trợ | L12: Cancel consent | M12: Invalid state | N12: Disconnect | O12: Create/Disconnect | P12: Integration A | Q12: Webhook secret/OAuth token | W12: BẢNG DỮ LIỆU MẪU THỰC THI — KHÔNG TẠO TEST CASE ĐỘC LẬP
B13: Input 2 | F13: Event responseCreated | G13: Endpoint log | H13: - | I13: - | J13: Confirm | K13: Consent | L13: - | M13: - | N13: - | O13: - | P13: Workspace B | Q13: UI/log | W13: # | X13: Loại test case | Y13: Dữ liệu nhập / thao tác mẫu | Z13: Kết quả mong đợi | AA13: TC ID
A14: Confirm | B14: Bước 1 | F14: Mở Integrations | G14: Submit survey | H14: Trigger event | I14: Tạo webhook | J14: Mở webhook | K14: Mở integration | L14: Connect | M14: Mô phỏng callback | N14: Mở integration | O14: Đăng nhập read | P14: Connect ở A | Q14: Mở settings | W14: 1 | X14: N – Bình thường | Y14: Input 1: HTTPS endpoint test | Input 2: Event responseCreated | Z14: Webhook xuất hiện trong danh sách. | AA14: INTG-001
B15: Bước 2 | F15: Tạo webhook | G15: Chờ webhook | H15: Quan sát retry/log | I15: Nhập URL sai | J15: Delete | K15: Connect | L15: Từ chối ở provider | M15: Mở URL | N15: Disconnect | O15: Mở Integrations | P15: Mở B | Q15: Xem page | W15: 2 | X15: N – Bình thường | Y15: Input 1: Submit response | Input 2: Endpoint log | Z15: Endpoint nhận đúng event/payload. | AA15: INTG-002
B16: Bước 3 | F16: Chọn event | G16: Mở endpoint log | H16: Không sửa response | I16: Lưu | J16: Confirm | K16: Hoàn tất OAuth | L16: Quay lại app | M16: Quan sát | N16: Confirm | O16: Tìm action | P16: Kiểm tra list | Q16: Gây lỗi có log | W16: 3 | X16: A – Bất thường | Y16: Input 1: HTTP 500 | Input 2: - | Z16: Lỗi tích hợp không làm mất response chính; retry/log theo thiết kế. | AA16: INTG-003
B17: Bước 4 | F17: Lưu | G17: So payload | H17: - | I17: Quan sát validation | J17: Trigger event | K17: Quay lại app | L17: Quan sát | M17: Kiểm tra integration | N17: Thử sync | O17: Thử | P17: Trigger B | Q17: Quan sát | W17: 4 | X17: A – Bất thường | Y17: Input 1: invalid URL | Input 2: - | Z17: Không lưu webhook lỗi. | AA17: INTG-004
B18: Kết quả mong đợi | F18: Webhook xuất hiện trong danh sách. | G18: Endpoint nhận đúng event/payload. | H18: Lỗi tích hợp không làm mất response chính; retry/log theo thiết kế. | I18: Không lưu webhook lỗi. | J18: Webhook bị xóa và không nhận event mới. | K18: Hiển thị Connected và dùng được. | L18: Không tạo kết nối nửa chừng; thông báo phù hợp. | M18: Bị chặn an toàn. | N18: Connection bị thu hồi; sync không tiếp tục như connected. | O18: Write control bị chặn. | P18: B không dùng nhầm integration A. | Q18: UI/log không lộ token/secret đầy đủ. | W18: 5 | X18: N – Bình thường | Y18: Input 1: Delete | Input 2: Confirm | Z18: Webhook bị xóa và không nhận event mới. | AA18: INTG-005
B19: Lỗi / Thông báo | H19: Endpoint failed | I19: URL không hợp lệ | L19: OAuth canceled | M19: OAuth/state error | O19: Authorization | W19: 6 | X19: N – Bình thường | Y19: Input 1: Provider được hỗ trợ | Input 2: Consent | Z19: Hiển thị Connected và dùng được. | AA19: INTG-006
B20: Điểm kiểm tra | F20: ID/URL đúng | G20: Survey/response ID đúng | H20: Không crash app | I20: Không có record | J20: Không ảnh hưởng webhook khác | K20: Account mapping đúng | L20: Không credential rác | M20: Không liên kết account sai | N20: Token không còn dùng | O20: Không thay config | P20: Tenant isolation | Q20: Masked/redacted | W20: 7 | X20: A – Bất thường | Y20: Input 1: Cancel consent | Input 2: - | Z20: Không tạo kết nối nửa chừng; thông báo phù hợp. | AA20: INTG-007
A21: Result | B21: Type (N: Normal, A: Abnormal, B: Boundary) | F21: N | G21: N | H21: A | I21: A | J21: N | K21: N | L21: A | M21: A | N21: N | O21: A | P21: A | Q21: A | W21: 8 | X21: A – Bất thường | Y21: Input 1: Invalid state | Input 2: - | Z21: Bị chặn an toàn. | AA21: INTG-008
B22: Passed / Failed / Blocked | W22: 9 | X22: N – Bình thường | Y22: Input 1: Disconnect | Input 2: - | Z22: Connection bị thu hồi; sync không tiếp tục như connected. | AA22: INTG-009
B23: Executed Date | W23: 10 | X23: A – Bất thường | Y23: Input 1: Create/Disconnect | Input 2: - | Z23: Write control bị chặn. | AA23: INTG-010
B24: Defect ID | W24: 11 | X24: A – Bất thường | Y24: Input 1: Integration A | Input 2: Workspace B | Z24: B không dùng nhầm integration A. | AA24: INTG-011
W25: 12 | X25: A – Bất thường | Y25: Input 1: Webhook secret/OAuth token | Input 2: UI/log | Z25: UI/log không lộ token/secret đầy đủ. | AA25: INTG-012

Sheet UT16_API
A2: Function Code | C2: API-001 | F2: Function Name | H2: REST API v1/v3 & API Key | W2: BẢNG PHÂN LỚP TƯƠNG ĐƯƠNG & GIÁ TRỊ BIÊN
A3: Created By | C3: QA / UAT Team | F3: Executed By | W3: Điều kiện (Condition) | X3: VP – Lớp hợp lệ | Y3: IP – Lớp không hợp lệ | Z3: VB – Biên hợp lệ | AA3: IB – Ngoài biên
A4: Source / Status | C4: Verified | https://github.com/Royal2005-coder/formailab/tree/ef92d78aa86916e6fbf4bc8a43044a4a4328154d/apps/web/app/api | W4: API key | X4: Key hợp lệ, còn hiệu lực | Y4: Thiếu / sai / revoked | Z4: Ngay trước khi key hết hiệu lực | AA4: Key đã hết hiệu lực
A5: Test requirement | C5: Kiểm tra xác thực API, CRUD survey/response, validation, phân quyền, pagination và rate/error contract. | W5: Payload request | X5: Đủ field bắt buộc | Y5: Thiếu field / JSON malformed | Z5: Payload tối thiểu hợp lệ | AA5: Thiếu 1 field bắt buộc
A6: Passed | C6: Failed | E6: Blocked | G6: Untested | I6: N | K6: A | M6: B | O6: Total Test Cases | W6: Pagination | X6: page/limit trong giới hạn API | Y6: Giá trị âm/ngoài giới hạn | Z6: limit tại min/max cấu hình | AA6: limit ngoài biên 1 đơn vị
A7: =COUNTIF(F22:Q22,"Passed") -> 0 | C7: =COUNTIF(F22:Q22,"Failed") -> 0 | E7: =COUNTIF(F22:Q22,"Blocked") -> 0 | G7: =12-A7-C7-E7 -> 12 | I7: =COUNTIF(F21:Q21,"N") -> 5 | K7: =COUNTIF(F21:Q21,"A") -> 5 | M7: =COUNTIF(F21:Q21,"B") -> 2 | O7: 12 | W7: Rate limit | X7: Số request dưới ngưỡng | Y7: Vượt ngưỡng | Z7: Đúng ngưỡng cấu hình | AA7: Ngưỡng + 1 request
W8: Scope workspace | X8: Resource cùng scope key | Y8: Cross-workspace | Z8: Resource tại ranh giới quyền được phép | AA8: Resource ngoài scope
F9: API-001 | G9: API-002 | H9: API-003 | I9: API-004 | J9: API-005 | K9: API-006 | L9: API-007 | M9: API-008 | N9: API-009 | O9: API-010 | P9: API-011 | Q9: API-012 | W9: Quy ước: VP = Valid Partition (phân lớp hợp lệ); IP = Invalid Partition (phân lớp không hợp lệ); VB = Valid Boundary (giá trị biên hợp lệ); IB = Invalid/Outside Boundary (ngay ngoài biên). Nếu chức năng không có ngưỡng số cố định, biên được xác định theo validator/quyền/trạng thái cấu hình của hệ thống.
A10: Condition | B10: Tình huống | F10: API key hợp lệ | G10: Thiếu API key | H10: API key sai/hết hiệu lực | I10: Tạo survey qua API v3 | J10: Payload survey invalid | K10: Đọc survey theo ID | L10: Update survey | M10: Delete survey | N10: Cross-workspace API access | O10: Pagination | P10: Rate limit/too many requests | Q10: Content-Type/body malformed
B11: Tiền điều kiện | F11: Có key active | G11: Endpoint cần auth | H11: Key invalid/revoked | I11: Key có quyền | J11: Key hợp lệ | K11: Survey tồn tại | L11: Key write | M11: Survey test | N11: Key scope A | O11: Có > page size records | P11: Env bật rate limit | Q11: Key hợp lệ
B12: Input 1 | F12: Authorization key | G12: No key | H12: Invalid key | I12: Valid payload | J12: Missing required field | K12: surveyId | L12: PATCH valid | M12: DELETE | N12: Resource B | O12: page/limit | P12: Burst requests | Q12: Malformed JSON | W12: BẢNG DỮ LIỆU MẪU THỰC THI — KHÔNG TẠO TEST CASE ĐỘC LẬP
B13: Input 2 | F13: GET endpoint hợp lệ | G13: GET | H13: GET | I13: POST survey | J13: POST | K13: GET | L13: Survey | M13: ID | N13: GET/PATCH | O13: List endpoint | P13: - | Q13: POST/PATCH | W13: # | X13: Loại test case | Y13: Dữ liệu nhập / thao tác mẫu | Z13: Kết quả mong đợi | AA13: TC ID
A14: Confirm | B14: Bước 1 | F14: Gửi request | G14: Gửi request | H14: Gửi | I14: Gửi payload | J14: Gửi | K14: Gửi | L14: Gửi PATCH | M14: Gửi DELETE | N14: Gửi request B | O14: GET page1 | P14: Gửi burst | Q14: Gửi body lỗi | W14: 1 | X14: N – Bình thường | Y14: Input 1: Authorization key | Input 2: GET endpoint hợp lệ | Z14: Request được xác thực và trả dữ liệu đúng scope. | AA14: API-001
B15: Bước 2 | F15: Đọc status | G15: Đọc status/body | H15: Đọc response | I15: Đọc 2xx | J15: Đọc validation error | K15: So field | L15: Đọc response | M15: GET lại | N15: Đọc status | O15: GET page2 | P15: Quan sát status | Q15: Đọc status | W15: 2 | X15: A – Bất thường | Y15: Input 1: No key | Input 2: GET | Z15: Bị từ chối auth. | AA15: API-002
B16: Bước 3 | F16: Đọc body | G16: - | H16: - | I16: Lấy ID | J16: Kiểm tra list | K16: So UI | L16: GET lại | M16: Mở UI | N16: Kiểm tra data | O16: So IDs | P16: Chờ reset | Q16: - | W16: 3 | X16: A – Bất thường | Y16: Input 1: Invalid key | Input 2: GET | Z16: Bị từ chối. | AA16: API-003
B17: Bước 4 | F17: - | G17: - | H17: - | I17: Mở UI | J17: - | K17: - | L17: Mở UI | M17: - | N17: - | O17: Kiểm tra metadata | P17: Gửi lại | Q17: - | W17: 4 | X17: N – Bình thường | Y17: Input 1: Valid payload | Input 2: POST survey | Z17: Survey được tạo và UI thấy đúng dữ liệu. | AA17: API-004
B18: Kết quả mong đợi | F18: Request được xác thực và trả dữ liệu đúng scope. | G18: Bị từ chối auth. | H18: Bị từ chối. | I18: Survey được tạo và UI thấy đúng dữ liệu. | J18: 4xx với lỗi rõ; không tạo survey. | K18: Response API đúng survey. | L18: Dữ liệu cập nhật đúng. | M18: Survey không còn truy cập theo contract. | N18: Bị chặn/not found; không lộ B. | O18: Không trùng/mất record ngoài contract. | P18: Có 429/contract phù hợp và hồi phục sau window. | Q18: 4xx an toàn, không crash server. | W18: 5 | X18: A – Bất thường | Y18: Input 1: Missing required field | Input 2: POST | Z18: 4xx với lỗi rõ; không tạo survey. | AA18: API-005
B19: Lỗi / Thông báo | G19: Unauthorized | H19: Unauthorized | J19: Validation | N19: Forbidden/Not found | P19: Too Many Requests | Q19: Bad request | W19: 6 | X19: N – Bình thường | Y19: Input 1: surveyId | Input 2: GET | Z19: Response API đúng survey. | AA19: API-006
B20: Điểm kiểm tra | F20: 2xx | G20: Không data | H20: Không data | I20: ID hợp lệ | J20: Không partial create | K20: Không field cross-tenant | L20: Không đổi ID | M20: Status phù hợp | N20: Tenant isolation | O20: Page metadata đúng | P20: Không 500 | Q20: Không partial write | W20: 7 | X20: N – Bình thường | Y20: Input 1: PATCH valid | Input 2: Survey | Z20: Dữ liệu cập nhật đúng. | AA20: API-007
A21: Result | B21: Type (N: Normal, A: Abnormal, B: Boundary) | F21: N | G21: A | H21: A | I21: N | J21: A | K21: N | L21: N | M21: N | N21: A | O21: B | P21: B | Q21: A | W21: 8 | X21: N – Bình thường | Y21: Input 1: DELETE | Input 2: ID | Z21: Survey không còn truy cập theo contract. | AA21: API-008
B22: Passed / Failed / Blocked | W22: 9 | X22: A – Bất thường | Y22: Input 1: Resource B | Input 2: GET/PATCH | Z22: Bị chặn/not found; không lộ B. | AA22: API-009
B23: Executed Date | W23: 10 | X23: B – Giá trị biên | Y23: Input 1: page/limit | Input 2: List endpoint | Z23: Không trùng/mất record ngoài contract. | AA23: API-010
B24: Defect ID | W24: 11 | X24: B – Giá trị biên | Y24: Input 1: Burst requests | Input 2: - | Z24: Có 429/contract phù hợp và hồi phục sau window. | AA24: API-011
W25: 12 | X25: A – Bất thường | Y25: Input 1: Malformed JSON | Input 2: POST/PATCH | Z25: 4xx an toàn, không crash server. | AA25: API-012

Sheet UT17_LuuTru_Email
A2: Function Code | C2: STGE-001 | F2: Function Name | H2: Lưu trữ file & Email hệ thống | W2: BẢNG PHÂN LỚP TƯƠNG ĐƯƠNG & GIÁ TRỊ BIÊN
A3: Created By | C3: QA / UAT Team | F3: Executed By | W3: Điều kiện (Condition) | X3: VP – Lớp hợp lệ | Y3: IP – Lớp không hợp lệ | Z3: VB – Biên hợp lệ | AA3: IB – Ngoài biên
A4: Source / Status | C4: Verified | https://github.com/Royal2005-coder/formailab/tree/ef92d78aa86916e6fbf4bc8a43044a4a4328154d/apps/web/modules | W4: Dung lượng file | X4: 0 < size ≤ giới hạn cấu hình | Y4: File rỗng/quá lớn | Z4: Đúng max size cấu hình | AA4: Max + 1 byte
A5: Test requirement | C5: Kiểm tra upload/download/delete file, signed URL và các email hệ thống chính. | W5: Loại file | X5: Extension/MIME được phép | Y5: Loại file cấm | Z5: File nhỏ hợp lệ đúng MIME | AA5: Extension giả / MIME sai
A6: Passed | C6: Failed | E6: Blocked | G6: Untested | I6: N | K6: A | M6: B | O6: Total Test Cases | W6: Signed URL | X6: Còn hiệu lực | Y6: Sai/đã hết hạn | Z6: Ngay trước expiry | AA6: Vừa sau expiry
A7: =COUNTIF(F22:Q22,"Passed") -> 0 | C7: =COUNTIF(F22:Q22,"Failed") -> 0 | E7: =COUNTIF(F22:Q22,"Blocked") -> 0 | G7: =12-A7-C7-E7 -> 12 | I7: =COUNTIF(F21:Q21,"N") -> 6 | K7: =COUNTIF(F21:Q21,"A") -> 5 | M7: =COUNTIF(F21:Q21,"B") -> 1 | O7: 12 | W7: Email | X7: Địa chỉ đúng định dạng | Y7: Email sai định dạng | Z7: Địa chỉ tối thiểu vẫn hợp lệ | AA7: Thiếu local/domain
W8: SMTP | X8: Service available | Y8: Service unavailable | Z8: Ngay trước timeout | AA8: Timeout/kết nối thất bại
F9: STGE-001 | G9: STGE-002 | H9: STGE-003 | I9: STGE-004 | J9: STGE-005 | K9: STGE-006 | L9: STGE-007 | M9: STGE-008 | N9: STGE-009 | O9: STGE-010 | P9: STGE-011 | Q9: STGE-012 | W9: Quy ước: VP = Valid Partition (phân lớp hợp lệ); IP = Invalid Partition (phân lớp không hợp lệ); VB = Valid Boundary (giá trị biên hợp lệ); IB = Invalid/Outside Boundary (ngay ngoài biên). Nếu chức năng không có ngưỡng số cố định, biên được xác định theo validator/quyền/trạng thái cấu hình của hệ thống.
A10: Condition | B10: Tình huống | F10: Upload file hợp lệ | G10: Download file | H10: Xóa file | I10: File loại không cho phép | J10: File vượt dung lượng | K10: Signed URL còn hiệu lực | L10: Signed URL hết hạn | M10: Email invitation | N10: Email reset password | O10: Email address sai format | P10: SMTP unavailable | Q10: Không lộ signed URL/secret không cần thiết
B11: Tiền điều kiện | F11: Storage hoạt động | G11: File đã upload | H11: File tồn tại | I11: Upload có restriction | J11: Có max size | K11: Có signed URL | L11: Có expired URL | M11: SMTP test | N11: SMTP test | O11: Form có email | P11: Mock SMTP down | Q11: Có storage credential
B12: Input 1 | F12: File hợp lệ | G12: Download | H12: Delete | I12: Disallowed extension | J12: Max+1 | K12: URL valid | L12: Expired | M12: Invite member | N12: Forgot password | O12: abc@ | P12: Send email | Q12: UI/log | W12: BẢNG DỮ LIỆU MẪU THỰC THI — KHÔNG TẠO TEST CASE ĐỘC LẬP
B13: Input 2 | F13: Upload control | G13: - | H13: Confirm | I13: - | J13: - | K13: Before expiry | L13: - | M13: Recipient test | N13: Recipient test | O13: Submit | P13: - | Q13: Secret | W13: # | X13: Loại test case | Y13: Dữ liệu nhập / thao tác mẫu | Z13: Kết quả mong đợi | AA13: TC ID
A14: Confirm | B14: Bước 1 | F14: Chọn file | G14: Mở file list | H14: Chọn file | I14: Chọn file | J14: Chọn file lớn | K14: Mở URL | L14: Mở URL | M14: Gửi invite | N14: Gửi request | O14: Nhập email sai | P14: Trigger email | Q14: Thực hiện upload/download | W14: 1 | X14: N – Bình thường | Y14: Input 1: File hợp lệ | Input 2: Upload control | Z14: File được lưu và hiển thị metadata phù hợp. | AA14: STGE-001
B15: Bước 2 | F15: Upload | G15: Download | H15: Delete | I15: Upload | J15: Upload | K15: Tải file | L15: Quan sát status | M15: Mở inbox | N15: Mở inbox | O15: Submit | P15: Quan sát UI/log | Q15: Xem UI | W15: 2 | X15: N – Bình thường | Y15: Input 1: Download | Input 2: - | Z15: File tải đúng nội dung. | AA15: STGE-002
B16: Bước 3 | F16: Chờ success | G16: Mở file | H16: Confirm | I16: Quan sát | J16: Quan sát | K16: So content | L16: - | M16: Đọc subject/link | N16: Mở link | O16: Quan sát validation | P16: Kiểm tra core transaction | Q16: Gây lỗi | W16: 3 | X16: N – Bình thường | Y16: Input 1: Delete | Input 2: Confirm | Z16: File bị xóa theo contract. | AA16: STGE-003
B17: Bước 4 | F17: Mở lại | G17: So source | H17: Thử download | I17: - | J17: - | K17: - | L17: - | M17: Mở link | N17: Reset theo flow | O17: - | P17: Retry khi phục hồi | Q17: Kiểm tra log | W17: 4 | X17: A – Bất thường | Y17: Input 1: Disallowed extension | Input 2: - | Z17: Bị chặn với thông báo rõ ràng. | AA17: STGE-004
B18: Kết quả mong đợi | F18: File được lưu và hiển thị metadata phù hợp. | G18: File tải đúng nội dung. | H18: File bị xóa theo contract. | I18: Bị chặn với thông báo rõ ràng. | J18: Bị chặn theo giới hạn. | K18: File truy cập được trong thời hạn. | L18: Bị từ chối sau expiry. | M18: Email đến đúng người và link đúng flow. | N18: Email reset hợp lệ. | O18: Form chặn email sai. | P18: Lỗi email được xử lý theo contract, không làm corrupt dữ liệu chính. | Q18: Không lộ secret/access key đầy đủ. | W18: 5 | X18: B – Giá trị biên | Y18: Input 1: Max+1 | Input 2: - | Z18: Bị chặn theo giới hạn. | AA18: STGE-005
B19: Lỗi / Thông báo | I19: File type invalid | J19: File too large | L19: Expired/Forbidden | O19: Email invalid | P19: Email delivery failed | W19: 6 | X19: N – Bình thường | Y19: Input 1: URL valid | Input 2: Before expiry | Z19: File truy cập được trong thời hạn. | AA19: STGE-006
B20: Điểm kiểm tra | F20: Không duplicate ngoài thiết kế | G20: Không corruption | H20: Không xóa file khác | I20: Không lưu object | J20: Không partial object | K20: Đúng object | L20: Không bypass | M20: Không gửi nhầm org | N20: Token đúng user | O20: Không gửi mail | P20: Có log/retry phù hợp | Q20: Masked/redacted | W20: 7 | X20: A – Bất thường | Y20: Input 1: Expired | Input 2: - | Z20: Bị từ chối sau expiry. | AA20: STGE-007
A21: Result | B21: Type (N: Normal, A: Abnormal, B: Boundary) | F21: N | G21: N | H21: N | I21: A | J21: B | K21: N | L21: A | M21: N | N21: N | O21: A | P21: A | Q21: A | W21: 8 | X21: N – Bình thường | Y21: Input 1: Invite member | Input 2: Recipient test | Z21: Email đến đúng người và link đúng flow. | AA21: STGE-008
B22: Passed / Failed / Blocked | W22: 9 | X22: N – Bình thường | Y22: Input 1: Forgot password | Input 2: Recipient test | Z22: Email reset hợp lệ. | AA22: STGE-009
B23: Executed Date | W23: 10 | X23: A – Bất thường | Y23: Input 1: abc@ | Input 2: Submit | Z23: Form chặn email sai. | AA23: STGE-010
B24: Defect ID | W24: 11 | X24: A – Bất thường | Y24: Input 1: Send email | Input 2: - | Z24: Lỗi email được xử lý theo contract, không làm corrupt dữ liệu chính. | AA24: STGE-011
W25: 12 | X25: A – Bất thường | Y25: Input 1: UI/log | Input 2: Secret | Z25: Không lộ secret/access key đầy đủ. | AA25: STGE-012

Sheet Bài mẫu
A2: Function Code | C2: Function1 | F2: Function Name | H2: Function A | Q2: BÀI MẪU — primeCheck(num) với miền đầu vào 0..1000
A3: Created By | C3: <Developer Name> | F3: Executed By
A4: Lines of code | C4: 100 | Q4: Mục đích: minh họa cách chọn VP/IP/VB/IB bằng phân lớp tương đương và giá trị biên. VP: giá trị hợp lệ trong miền. IP: giá trị ngoài miền. VB: giá trị biên trong miền. IB: ngay ngoài biên. Expected: số nguyên tố → TRUE; số không nguyên tố → FALSE; ngoài miền → Exception.
A5: Test requirement | C5: Ví dụ kỹ thuật phân lớp tương đương và phân tích giá trị biên.
A6: Passed | C6: Failed | E6: Untested | G6: N/A/B | J6: Total Test Cases
A7: 0 | C7: 0 | E7: 10 | G7: 2 / 2 / 6 | J7: 10
F9: UTCb01 | G9: UTCb02 | H9: UTCb03 | I9: UTCb04 | J9: UTCb05 | K9: UTCb06 | L9: UTCb07 | M9: UTCb08 | N9: UTCb09 | O9: UTCb10
A10: Condition | B10: Tình huống | F10: Số nguyên tố hợp lệ 5 | G10: Số không nguyên tố 10 | H10: Giá trị dưới miền -5 | I10: Giá trị trên miền 1100 | J10: Biên 0 | K10: Biên 1000 | L10: Biên trong 1 | M10: Biên trong 2 | N10: Biên ngoài -1 | O10: Biên ngoài 1001 | Q10: Condition | R10: VP | S10: IP | T10: VB | U10: IB | V10: Ghi chú
B11: Tiền điều kiện | F11: Hàm primeCheck | G11: Hàm primeCheck | H11: Hàm primeCheck | I11: Hàm primeCheck | J11: Hàm primeCheck | K11: Hàm primeCheck | L11: Hàm primeCheck | M11: Hàm primeCheck | N11: Hàm primeCheck | O11: Hàm primeCheck | Q11: num | R11: 0..1000 | S11: <0 | T11: 0 | U11: -1 | V11: Lower boundary
B12: Input 1 | F12: num=5 | G12: num=10 | H12: num=-5 | I12: num=1100 | J12: num=0 | K12: num=1000 | L12: num=1 | M12: num=2 | N12: num=-1 | O12: num=1001 | Q12: num | R12: 0..1000 | S12: >1000 | T12: 1000 | U12: 1001 | V12: Upper boundary
B13: Input 2 | F13: VP | G13: VP | H13: IP | I13: IP | J13: VB | K13: VB | L13: VB | M13: VB | N13: IB | O13: IB | Q13: num | T13: 1 | V13: Inside boundary
A14: Confirm | B14: Bước 1 | F14: Gọi primeCheck(5) | G14: Gọi primeCheck(10) | H14: Gọi primeCheck(-5) | I14: Gọi primeCheck(1100) | J14: Gọi primeCheck(0) | K14: Gọi primeCheck(1000) | L14: Gọi primeCheck(1) | M14: Gọi primeCheck(2) | N14: Gọi primeCheck(-1) | O14: Gọi primeCheck(1001) | Q14: num | T14: 2 | V14: First prime
B15: Bước 2 | F15: Nhận kết quả | G15: Nhận kết quả | H15: Quan sát | I15: Quan sát | J15: So expected | K15: So expected | L15: So expected | M15: So expected | N15: Quan sát | O15: Quan sát
B16: Bước 3 | F16: So expected | G16: So expected | H16: - | I16: - | J16: - | K16: - | L16: - | M16: - | N16: - | O16: -
B17: Bước 4 | F17: - | G17: - | H17: - | I17: - | J17: - | K17: - | L17: - | M17: - | N17: - | O17: -
B18: Kết quả mong đợi | F18: TRUE | G18: FALSE | H18: Exception | I18: Exception | J18: FALSE | K18: FALSE | L18: FALSE | M18: TRUE | N18: Exception | O18: Exception
B19: Lỗi / Thông báo | H19: Exception | I19: Exception | N19: Exception | O19: Exception
B20: Điểm kiểm tra
A21: Result | B21: Type (N: Normal, A: Abnormal, B: Boundary) | F21: N | G21: N | H21: A | I21: A | J21: B | K21: B | L21: B | M21: B | N21: B | O21: B
B22: Passed / Failed
B23: Executed Date
B24: Defect ID
