Workbook

Sheet Hướng dẫn
A1: HƯỚNG DẪN SỬ DỤNG BỘ TEST CASE AUT — FORMBRICKS PLATFORM & AI-LAB
A4: 1. TỔNG QUAN TÀI LIỆU KIỂM THỬ (OVERVIEW)
A5: - Bộ tài liệu Test Case này được thiết kế theo tiêu chuẩn AUT (Application Under Test) dành cho kiểm thử thủ công (Manual Acceptance Testing).
A6: - Mục đích cao nhất: Cung cấp bộ kịch bản kiểm thử trực quan, dễ hiểu nhất cho End User (người dùng cuối/tester) nghiệm thu toàn bộ tính năng hệ thống.
A7: - Bao phủ 100% các chức năng Core: Tạo khảo sát thủ công, Import CSV Ngân hàng câu hỏi, các tính năng AI-Native (Prompt-to-Form, Chat-to-Chat kết quả, Dịch thuật AI, Phân tích Cảm xúc & Cây Chủ đề Topic/Sub-topic).
A9: 2. CẤU TRÚC BỘ EXCEL (WORKBOOK STRUCTURE)
A10: - Sheet 'Cover': Bìa hồ sơ dự án, phiên bản tài liệu và Nhật ký ghi nhận thay đổi (Record of Change).
A11: - Sheet 'FunctionList': Danh mục toàn bộ 10 Module chức năng. Có chèn LINK TRỰC TIẾP (Hyperlink) bấm chuyển thẳng tới tab tương ứng.
A12: - Sheet 'Test Report': Dashboard tổng hợp báo cáo kết quả kiểm thử tự động bằng công thức Excel `=COUNTIF(...)`, kèm BIỂU ĐỒ TRÒN & BIỂU ĐỒ CỘT trực quan.
A13: - 10 Sheet 'UT_*': Chi tiết kịch bản test từng module được trình bày theo mô hình chuẩn: Condition (Điều kiện) -> Confirm (Xác nhận) -> Result (Kết quả).
A15: 3. QUY ƯỚC PHÂN LOẠI TEST CASE (TEST TYPES)
A16: - [N] Normal (Bình thường): Dữ liệu đầu vào chuẩn hợp lệ — Kiểm tra luồng chạy chính (Happy Path).
... A32: - Ngay khi người test điền 'Passed' hoặc 'Failed' tại các sheet UT, sheet 'Test Report' sẽ tự động nhảy số liệu % Phủ sóng (Coverage), % Thành công và cập nhật Biểu đồ Đạt/Lỗi realtime.

Sheet Cover
B2: HỒ SƠ KIỂM THỬ PHẦN MỀM (UNIT & ACCEPTANCE TEST CASE)
A4: Project Name (Tên dự án) | B4: Formbricks Platform & AI-Lab | E4: Creator (Người lập) | F4: Chuyên viên QA / Antigravity Team
A5: Project Code (Mã dự án) | B5: FB-AUT-AI | E5: Reviewer (Người duyệt) | F5: Quản lý Dự án / Lead Tester
A6: Document Code (Mã tài liệu) | B6: FB-AUT-AI_AUT_v3.5.0 | E6: Issue Date (Ngày phát hành) | F6: 2026-08-08
E7: Version (Phiên bản) | F7: v3.5.0
A10: Nhật ký ghi nhận thay đổi (Record of change)
A11: Effective Date | B11: Version | C11: Change Item | D11: *A,D,M | E11: Change description | F11: Reference
A12: 2026-08-08 | B12: v3.5.0 | C12: Tạo mới bộ test case AUT | D12: A | E12: Tạo mới toàn bộ 150+ kịch bản test bao phủ Core & AI Native Formbricks | F12: Mã nguồn Formbricks v3.5
A13: 2026-08-08 | B13: v3.5.0 | C13: Cập nhật AI Native & Import CSV | D13: M | E13: Bổ sung test case chi tiết cho AI Prompt, Chat, Translation, Topic Tree & CSV Bank | F13: Thiết kế hệ thống AI-Lab

Sheet FunctionList
D2: DANH MỤC CHỨC NĂNG KIỂM THỬ (FUNCTION LIST)
A4: Project Name | D4: Formbricks Platform & AI-Lab
A5: Project Code | D5: FB-AUT-AI
A6: Mật độ Test Case chuẩn | D6: 15 Test Cases / Module (Đạt độ phủ 100%)
A7: Môi trường kiểm thử (Test Environment) | D7: 1. Hệ điều hành: Linux / Windows / macOS 2. Runtime: Node.js >=20, pnpm dev server 3. Database: PostgreSQL + Prisma ORM, Redis Server 4. Dịch vụ AI Native: Google Gemini API / OpenAI Key 5. Lưu trữ & Mail: Local S3 / AWS S3, Mailhog / SMTP Server 6. Trình duyệt thử nghiệm: Google Chrome, Mozilla Firefox, Microsoft Edge
A10: STT | B10: Requirement Name (Yêu cầu) | C10: Class Name (Lớp) | D10: Function Name (Tên hàm) | E10: Function Code | F10: Sheet Name (Liên kết tab) | G10: Description (Mô tả chức năng) | H10: Pre-Condition (Tiền điều kiện)
A11: 1 | B11: Kiểm tra tính năng tạo khảo sát thủ công từng | C11: SurveyManualModule | D11: Tạo & Biên Tập Khảo Sát Thủ Công | E11: SURV-MANUAL-01 | F11: UT_KS_ThuCong | G11: Quản lý tạo khảo sát thủ công: thêm đa dạng câu hỏi, cấu hình logic rẽ | H11: Đã đăng nhập tài khoản, Workspace đang hoạt đ
A12: 2 | B12: Kiểm tra tính năng đọc file CSV, validate sch | C12: CsvImportModule | D12: Import CSV & Ngân Hàng Câu Hỏi (Test Bank) | E12: SURV-CSV-02 | F12: UT_Import_CSV_Bank | G12: Tải file CSV/Excel ngân hàng câu hỏi lên hệ thống, xác thực cấu trúc s | H12: Người dùng có quyền Read/Write trên Workspace
A13: 3 | B13: Kiểm tra khả năng sinh khảo sát từ Prompt AI, | C13: AiFormPromptModule | D13: AI Native — Tạo Form Qua Mô Tả & Prompt | E13: AI-FORM-03 | F13: UT_AI_TaoForm_Prompt | G13: Tính năng AI Native: Tạo toàn bộ form khảo sát từ câu lệnh mô tả (Prom | H13: AI Provider (Google Gemini / OpenAI) đã cấu h
A14: 4 | B14: Kiểm tra khả năng hỏi đáp AI, tóm tắt ý kiến, | C14: AiChatResultsModule | D14: AI Native — Chat Hỏi Đáp Kết Quả Khảo Sát | E14: AI-CHAT-04 | F14: UT_AI_Chat_Result | G14: Tính năng AI Native Chat-to-Chat: Cho phép người dùng trò chuyện, đặt | H14: Khảo sát đã có dữ liệu phản hồi (tối thiểu 10
A15: 5 | B15: Kiểm tra chất lượng dịch thuật AI, bảo toàn b | C15: AiTranslationModule | D15: AI Native — Dịch Thuật Khảo Sát Đa Ngôn Ngữ | E15: AI-TRANS-05 | F15: UT_AI_DichThuat | G15: Tính năng AI Native Dịch Thuật: Tự động dịch toàn bộ câu hỏi, lựa chọn | H15: Form khảo sát gốc đã có câu hỏi, tài khoản có
A16: 6 | B16: Kiểm tra độ chính xác phân loại cảm xúc, tự đ | C16: AiInsightsTopicModule | D16: AI Native — Phân Tích Cảm Xúc & Cây Chủ Đề Topic/S | E16: AI-TOPIC-06 | F16: UT_AI_PhanTich_CamXuc | G16: Tính năng AI Native Insights: Tự động phân tích cảm xúc (Tích cực / Ti | H16: Khảo sát đã thu thập các phản hồi dạng văn bả
A17: 7 | B17: Kiểm tra ghi nhận phản hồi, xuất báo cáo dữ l | C17: ResponsePipelineModule | D17: Phản Hồi, Xuất File & Pipeline Tự Động | E17: RESP-PIPE-07 | F17: UT_PhanHoi_Pipeline | G17: Xử lý phản hồi người dùng: lưu trữ câu trả lời, xuất file báo cáo CSV/ | H17: Khảo sát đang công khai nhận phản hồi
A18: 8 | B18: Kiểm tra vòng đời Workspace, Tổ chức, phân qu | C18: WorkspaceOrgModule | D18: Quản Lý Workspace, Tổ Chức & Phân Quyền | E18: WKSP-ORG-08 | F18: UT_Workspace_Org | G18: Quản lý môi trường làm việc: Tạo/Sửa/Xóa Workspace, Quản lý thẻ Tags, | H18: Đã đăng nhập tài khoản hệ thống
A19: 9 | B19: Kiểm tra tính đúng đắn của API endpoints, tải | C19: ApiStorageModule | D19: REST API, Client SDK, MCP Server & Lưu Trữ File | E19: API-STGE-09 | F19: UT_API_Storage | G19: Giao diện lập trình ứng dụng & Lưu trữ: Các Endpoint REST API v1/v3, T | H19: Hệ thống backend đang chạy, API Key được cấp
A20: 10 | B20: Kiểm tra việc gửi các loại mẫu email hệ thống | C20: SystemEmailModule | D20: Gửi Email Thông Báo & Mẫu Thư Hệ Thống | E20: EMAIL-SYS-10 | F20: UT_Email_HeThong | G20: Quản lý thông báo email: Gửi mail xác nhận tài khoản, Đặt lại mật khẩu | H20: Dịch vụ SMTP đã được kết nối và cấu hình chín

Sheet Test Report
A1: BÁO CÁO TỔNG HỢP KẾT QUẢ KIỂM THỬ (TEST REPORT DASHBOARD)
A3: Project Name | B3: Formbricks Platform & AI-Lab | D3: Creator | E3: QA Team
A4: Project Code | B4: FB-AUT-AI | D4: Reviewer | E4: Project Lead
A5: Document Code | B5: FB-AUT-AI_Report_v3.5.0 | D5: Issue Date | F5: 2026-08-08
A7: Ghi chú Báo cáo | B7: Báo cáo tự động tổng hợp kết quả 10 Module Core & AI Native: Tạo thủ công, Import CSV Bank, AI Prompt, AI Chat, Dịch thuật AI, AI Topic Tree, Phản hồi, Workspace, API & Mail.
A11: STT | B11: Function Code (Mã & Sheet) | C11: Passed (Đạt) | D11: Failed (Lỗi) | E11: Untested (Chưa test) | F11: N (Normal) | G11: A (Abnormal) | H11: B (Boundary) | I11: Total Test Cases
A12: 1 | B12: UT_KS_ThuCong | C12: =COUNTIF('UT_KS_ThuCong'!F22:T22,"Passed") | D12: =COUNTIF('UT_KS_ThuCong'!F22:T22,"Failed") | E12: =15-C12-D12 | F12: =COUNTIF('UT_KS_ThuCong'!F21:T21,"N") | G12: =COUNTIF('UT_KS_ThuCong'!F21:T21,"A") | H12: =COUNTIF('UT_KS_ThuCong'!F21:T21,"B") | I12: 15
A13: 2 | B13: UT_Import_CSV_Bank | C13: =COUNTIF('UT_Import_CSV_Bank'!F22:T22,"Passed") | D13: =COUNTIF('UT_Import_CSV_Bank'!F22:T22,"Failed") | E13: =15-C13-D13 | F13: =COUNTIF('UT_Import_CSV_Bank'!F21:T21,"N") | G13: =COUNTIF('UT_Import_CSV_Bank'!F21:T21,"A") | H13: =COUNTIF('UT_Import_CSV_Bank'!F21:T21,"B") | I13: 15
A14: 3 | B14: UT_AI_TaoForm_Prompt | C14: =COUNTIF('UT_AI_TaoForm_Prompt'!F22:T22,"Passed") | D14: =COUNTIF('UT_AI_TaoForm_Prompt'!F22:T22,"Failed") | E14: =15-C14-D14 | F14: =COUNTIF('UT_AI_TaoForm_Prompt'!F21:T21,"N") | G14: =COUNTIF('UT_AI_TaoForm_Prompt'!F21:T21,"A") | H14: =COUNTIF('UT_AI_TaoForm_Prompt'!F21:T21,"B") | I14: 15
A15: 4 | B15: UT_AI_Chat_Result | C15: =COUNTIF('UT_AI_Chat_Result'!F22:Q22,"Passed") | D15: =COUNTIF('UT_AI_Chat_Result'!F22:Q22,"Failed") | E15: =12-C15-D15 | F15: =COUNTIF('UT_AI_Chat_Result'!F21:Q21,"N") | G15: =COUNTIF('UT_AI_Chat_Result'!F21:Q21,"A") | H15: =COUNTIF('UT_AI_Chat_Result'!F21:Q21,"B") | I15: 12
A16: 5 | B16: UT_AI_DichThuat | C16: =COUNTIF('UT_AI_DichThuat'!F22:Q22,"Passed") | D16: =COUNTIF('UT_AI_DichThuat'!F22:Q22,"Failed") | E16: =12-C16-D16 | F16: =COUNTIF('UT_AI_DichThuat'!F21:Q21,"N") | G16: =COUNTIF('UT_AI_DichThuat'!F21:Q21,"A") | H16: =COUNTIF('UT_AI_DichThuat'!F21:Q21,"B") | I16: 12
A17: 6 | B17: UT_AI_PhanTich_CamXuc | C17: =COUNTIF('UT_AI_PhanTich_CamXuc'!F22:T22,"Passed") | D17: =COUNTIF('UT_AI_PhanTich_CamXuc'!F22:T22,"Failed") | E17: =15-C17-D17 | F17: =COUNTIF('UT_AI_PhanTich_CamXuc'!F21:T21,"N") | G17: =COUNTIF('UT_AI_PhanTich_CamXuc'!F21:T21,"A") | H17: =COUNTIF('UT_AI_PhanTich_CamXuc'!F21:T21,"B") | I17: 15
A18: 7 | B18: UT_PhanHoi_Pipeline | C18: =COUNTIF('UT_PhanHoi_Pipeline'!F22:T22,"Passed") | D18: =COUNTIF('UT_PhanHoi_Pipeline'!F22:T22,"Failed") | E18: =15-C18-D18 | F18: =COUNTIF('UT_PhanHoi_Pipeline'!F21:T21,"N") | G18: =COUNTIF('UT_PhanHoi_Pipeline'!F21:T21,"A") | H18: =COUNTIF('UT_PhanHoi_Pipeline'!F21:T21,"B") | I18: 15
A19: 8 | B19: UT_Workspace_Org | C19: =COUNTIF('UT_Workspace_Org'!F22:T22,"Passed") | D19: =COUNTIF('UT_Workspace_Org'!F22:T22,"Failed") | E19: =15-C19-D19 | F19: =COUNTIF('UT_Workspace_Org'!F21:T21,"N") | G19: =COUNTIF('UT_Workspace_Org'!F21:T21,"A") | H19: =COUNTIF('UT_Workspace_Org'!F21:T21,"B") | I19: 15
A20: 9 | B20: UT_API_Storage | C20: =COUNTIF('UT_API_Storage'!F22:T22,"Passed") | D20: =COUNTIF('UT_API_Storage'!F22:T22,"Failed") | E20: =15-C20-D20 | F20: =COUNTIF('UT_API_Storage'!F21:T21,"N") | G20: =COUNTIF('UT_API_Storage'!F21:T21,"A") | H20: =COUNTIF('UT_API_Storage'!F21:T21,"B") | I20: 15
A21: 10 | B21: UT_Email_HeThong | C21: =COUNTIF('UT_Email_HeThong'!F22:Q22,"Passed") | D21: =COUNTIF('UT_Email_HeThong'!F22:Q22,"Failed") | E21: =12-C21-D21 | F21: =COUNTIF('UT_Email_HeThong'!F21:Q21,"N") | G21: =COUNTIF('UT_Email_HeThong'!F21:Q21,"A") | H21: =COUNTIF('UT_Email_HeThong'!F21:Q21,"B") | I21: 12
B23: TỔNG CỘNG (SUB TOTAL) | C23: =SUM(C12:C22) | D23: =SUM(D12:D22) | E23: =SUM(E12:E22) | F23: =SUM(F12:F22) | G23: =SUM(G12:G22) | H23: =SUM(H12:H22) | I23: =SUM(I12:I22)
B25: Tỷ lệ Phủ sóng kiểm thử (Test coverage) | D25: =IF(I23>0,(C23+D23)/I23,0) | E25: %
B26: Tỷ lệ Kiểm thử Thành công (Successful coverage) | D26: =IF(I23>0,C23/I23,0) | E26: %
B27: Tỷ lệ kịch bản Bình thường (Normal case %) | D27: =IF(I23>0,F23/I23,0)
B28: Tỷ lệ kịch bản Bất thường (Abnormal case %) | D28: =IF(I23>0,G23/I23,0)
B29: Tỷ lệ kịch bản Giá trị biên (Boundary case %) | D29: =IF(I23>0,H23/I23,0)

Sheet UT_KS_ThuCong
A1: Function Code | C1: SURV-MANUAL-01 | F1: Function Name | L1: Tạo & Biên Tập Khảo Sát Thủ Công
A2: Created By | C2: Chuyên viên QA / Antigravity Team | F2: Executed By
A3: Lines of code | C3: N/A | F3: Lack of test cases | L3: 0
A4: Test requirement | C4: Kiểm tra tính năng tạo khảo sát thủ công từng bước, câu hỏi đa dạng và logic rẽ nhánh
A5: Passed | C5: Failed | F5: Untested | L5: N/A/B Case | O5: Total Test Cases
A6: =COUNTIF(F22:T22,"Passed") | C6: =COUNTIF(F22:T22,"Failed") | F6: =15-A6-C6 | L6: =COUNTIF(F21:T21,"N") | M6: =COUNTIF(F21:T21,"A") | N6: =COUNTIF(F21:T21,"B") | O6: 15
F8: UTCID01 | G8: UTCID02 | H8: UTCID03 | I8: UTCID04 | J8: UTCID05 | K8: UTCID06 | L8: UTCID07 | M8: UTCID08 | N8: UTCID09 | O8: UTCID10 | P8: UTCID11 | Q8: UTCID12 | R8: UTCID13 | S8: UTCID14 | T8: UTCID15
A9: Condition (Điều kiện) | B9: Input 1 (Dữ liệu vào) | F9: Tên khảo sát | G9: Thêm câu hỏi | H9: Thêm câu hỏi | I9: Thêm câu hỏi | J9: Thêm câu hỏi | K9: Thêm câu hỏi | L9: Cấu hình Logic | M9: Chế độ xem trước | N9: Xuất bản khảo sát | O9: Tên khảo sát | P9: Tên khảo sát | Q9: Tên khảo sát | R9: Cấu hình Logic | S9: Slug tùy chỉnh | T9: Lưu trữ khảo sát
F10: Khảo sát trải nghiệm dịch vụ | G10: NPS (0-10) | H10: Trắc nghiệm 1 lựa chọn | I10: Trắc nghiệm nhiều lựa chọn | J10: Đánh giá Sao (Rating) | K10: Tải file lên (File Upload) | L10: Nếu Q1 = 'Kém' | M10: Preview Desktop & Mobile | N10: Bấm 'Xuất bản (Publish)' | O10: A | P10: Khảo sát Khảo sát Khảo sát Khảo sát Khảo sát Khảo sát Khảo sát Khảo sát Khảo sát Khảo sát Khảo sát Khảo sát Khảo sát Khảo sát Khảo sát Khảo sát Khảo sát Khảo sát Khảo sát Khảo sát Khảo sát Khảo sát Khảo sát Khảo sát Khảo sát Khảo sát Khảo sát Khảo sát Khảo sát Khảo sát | Q10: (để trống) | R10: Nếu Q1 = 'Bất kỳ' | S10: link-khao-sat-2026 | T10: Bấm 'Lưu trữ (Archive)'
B12: Input 2 (Dữ liệu vào) | F12: Loại câu hỏi | G12: Nhãn điểm | H12: Danh sách đáp án | I12: Giới hạn chọn | J12: Thang điểm | K12: Dung lượng tối đa | L12: Hành động rẽ nhánh | M12: Thao tác | N12: ID Khảo sát | O12: Số câu hỏi | P12: Số câu hỏi | Q12: Số câu hỏi | R12: Hành động rẽ nhánh | S12: Hành động | T12: ID Khảo sát
F13: Văn bản mở (Open Text) | G13: 0: Rất không hài lòng - 10: Rất hài lòng | H13: Tốt, Trung bình, Kém | I13: Tối đa 3 đáp án | J13: 5 sao | K13: 10 MB | L13: Chuyển hướng đến Q5 (Góp ý chi tiết) | M13: Bấm dùng thử form | N13: srv_manual_001 | O13: 1 câu mở | P13: 50 câu hỏi | Q13: 1 câu hỏi | R13: Chuyển đến câu hỏi đã bị xóa | S13: Lưu Slug | T13: srv_manual_001
A15: Confirm (Xác nhận) | B15: Kết quả | F15: Khảo sát được tạo ở dạng Bản Nháp (Draft) | G15: Thêm câu hỏi NPS thành công vào danh sách | H15: Thêm câu hỏi Single Choice thành công | I15: Thêm câu hỏi Multiple Choice thành công | J15: Thêm câu hỏi Rating 5 sao thành công | K15: Thêm câu hỏi Upload file thành công | L15: Lưu điều kiện rẽ nhánh thành công | M15: Form hiển thị chuẩn giao diện và rẽ nhánh đúng | N15: Trạng thái đổi thành đang chạy (inProgress), tạo Link công khai | O15: Tạo khảo sát thành công với tên 1 ký tự | P15: Tạo khảo sát thành công với tên và số lượng câu lớn | S15: Đường dẫn form đổi thành /p/link-khao-sat-2026 | T15: Khảo sát chuyển sang trạng thái Archived, ngưng nhận phản hồi
B17: Lỗi | Q17: Tên khảo sát không được để trống | R17: Câu hỏi đích rẽ nhánh không tồn tại
B19: Log | F19: Survey created | G19: NPS question added | H19: Single choice added | I19: Multi choice added | J19: Rating added | K19: FileUpload added | L19: Logic branching saved | M19: Preview rendering OK | N19: Published OK | O19: Min length OK | P19: Max scale OK | Q19: Validation failed | R19: Invalid logic target | S19: Custom slug updated | T19: Archived OK
A21: Result (Kết quả) | B21: Type (N : Normal, A : Abnormal, B : Boundary) | F21: N | G21: N | H21: N | I21: N | J21: N | K21: N | L21: N | M21: N | N21: N | O21: B | P21: B | Q21: A | R21: A | S21: N | T21: N
B22: Passed/Failed (Điền P hoặc F)
B23: Executed Date (Ngày test)
B24: Defect ID (Mã lỗi nếu có)

Sheet UT_Import_CSV_Bank
A1: Function Code | C1: SURV-CSV-02 | F1: Function Name | L1: Import CSV & Ngân Hàng Câu Hỏi (Test Bank)
A2: Created By | C2: Chuyên viên QA / Antigravity Team | F2: Executed By
A3: Lines of code | C3: N/A | F3: Lack of test cases | L3: 0
A4: Test requirement | C4: Kiểm tra tính năng đọc file CSV, validate schema, nạp ngân hàng câu hỏi và tạo form khảo sát
A5: Passed | C5: Failed | F5: Untested | L5: N/A/B Case | O5: Total Test Cases
A6: =COUNTIF(F22:T22,"Passed") | C6: =COUNTIF(F22:T22,"Failed") | F6: =15-A6-C6 | L6: =COUNTIF(F21:T21,"N") | M6: =COUNTIF(F21:T21,"A") | N6: =COUNTIF(F21:T21,"B") | O6: 15
F8: UTCID01 | G8: UTCID02 | H8: UTCID03 | I8: UTCID04 | J8: UTCID05 | K8: UTCID06 | L8: UTCID07 | M8: UTCID08 | N8: UTCID09 | O8: UTCID10 | P8: UTCID11 | Q8: UTCID12 | R8: UTCID13 | S8: UTCID14 | T8: UTCID15
A9: Condition (Điều kiện) | B9: Input 1 (Dữ liệu vào) | F9: Tải file CSV | G9: Tải file Excel | H9: Kiểm tra Compiler | I9: Cam kết Import | J9: Ngân hàng câu hỏi | K9: Import tái sử dụng | L9: Tải file CSV | M9: Tải file CSV | N9: Tải file CSV | O9: Tải file | P9: Import CSV | Q9: Cam kết Import | R9: Tải file CSV | S9: Tạo Form từ Bank | T9: Xóa file đã nạp
F10: test_bank_standard.csv | G10: survey_questions.xlsx | H10: Chạy Compiler Compatibility Check | I10: Bấm 'Xác nhận tạo khảo sát' | J10: Lưu vào Test Bank Workspace | K10: Import trùng lặp cùng checksum | L10: test_bank_unicode.csv | M10: bank_large_100q.csv | N10: file_empty.csv | O10: corrupted_data.pdf | P10: file_missing_columns.csv | Q10: Checksum kỳ vọng bị sửa | R10: bank_with_warnings.csv | S10: Chọn 5 câu từ Test Bank | T10: Hủy lượt import hiện tại
B12: Input 2 (Dữ liệu vào) | F12: Cấu trúc | G12: Định dạng | H12: Số câu hỏi | I12: Mã công việc | J12: Tên danh mục | K12: Checksum | L12: Nội dung | M12: Dung lượng | N12: Nội dung | O12: Định dạng | P12: Cột bắt buộc | Q12: Checksum | R12: Cảnh báo | S12: Hành động | T12: Job ID
F13: 5 câu hỏi tiêu chuẩn | G13: Kèm đáp án trắc nghiệm | H13: 10 câu | I13: job_import_001 | J13: Bộ câu hỏi chăm sóc KH | K13: cs_abc123 | L13: Tiếng Việt có dấu + Tiếng Nhật/Trung | M13: 100 câu hỏi trong 1 file | N13: File rỗng 0 KB | O13: File PDF đổi đuôi .csv | P13: Thiếu cột question_type | Q13: checksum_tampered | R13: Logic rẽ nhánh chưa có câu kết | S13: Tạo Form khảo sát nhanh | T13: job_import_001
A15: Confirm (Xác nhận) | B15: Kết quả | F15: Hệ thống đọc file OK, hiển thị màn hình Xem trước (Preview) | G15: Hệ thống đọc file XLSX OK, trích xuất câu hỏi đầy đủ | H15: Mức độ tương thích 100%, không phát hiện lỗi rẽ nhánh | I15: Khảo sát mới tạo thành công từ ngân hàng câu hỏi CSV | J15: Tạo danh mục Test Bank thành công để tái sử dụng | K15: Hệ thống phát hiện file trùng và tái sử dụng kết quả đã validate | L15: File được trích xuất chính xác ký tự UTF-8 không vỡ font | M15: Xử lý validate và trích xuất thành công dưới 3 giây | R15: Hiển thị thông báo Cảnh báo (Warning) cho phép chỉnh sửa thủ công | S15: Form mới chứa đúng 5 câu đã chọn từ ngân hàng | T15: Xóa dữ liệu nháp của phiên import sạch sẻ
B17: Lỗi | N17: Nội dung file không được để trống | O17: Không thể phân tích định dạng file CSV/Excel | P17: Thiếu trường thông tin bắt buộc trong file CSV | Q17: Checksum không khớp, hủy thao tác import để bảo mật
B19: Log | F19: CSV parsed OK | G19: XLSX parsed OK | H19: Compiler check 100% | I19: Import committed OK | J19: Test bank saved | K19: Import job reused | L19: UTF-8 encoding OK | M19: Large CSV imported | N19: file.empty error | O19: file.parse_error | P19: Schema validation error | Q19: Checksum mismatch | R19: Validation with warnings | S19: Form created from bank | T19: Import job cancelled
A21: Result (Kết quả) | B21: Type (N : Normal, A : Abnormal, B : Boundary) | F21: N | G21: N | H21: N | I21: N | J21: N | K21: N | L21: B | M21: B | N21: A | O21: A | P21: A | Q21: A | R21: N | S21: N | T21: N
B22: Passed/Failed (Điền P hoặc F)
B23: Executed Date (Ngày test)
B24: Defect ID (Mã lỗi nếu có)

Sheet UT_AI_TaoForm_Prompt
A1: Function Code | C1: AI-FORM-03 | F1: Function Name | L1: AI Native — Tạo Form Qua Mô Tả & Prompt
A2: Created By | C2: Chuyên viên QA / Antigravity Team | F2: Executed By
A3: Lines of code | C3: N/A | F3: Lack of test cases | L3: 0
A4: Test requirement | C4: Kiểm tra khả năng sinh khảo sát từ Prompt AI, tùy biến ngôn ngữ, số lượng câu và độ chính xác
A5: Passed | C5: Failed | F5: Untested | L5: N/A/B Case | O5: Total Test Cases
A6: =COUNTIF(F22:T22,"Passed") | C6: =COUNTIF(F22:T22,"Failed") | F6: =15-A6-C6 | L6: =COUNTIF(F21:T21,"N") | M6: =COUNTIF(F21:T21,"A") | N6: =COUNTIF(F21:T21,"B") | O6: 15
F8: UTCID01 | G8: UTCID02 | H8: UTCID03 | I8: UTCID04 | J8: UTCID05 | K8: UTCID06 | L8: UTCID07 | M8: UTCID08 | N8: UTCID09 | O8: UTCID10 | P8: UTCID11 | Q8: UTCID12 | R8: UTCID13 | S8: UTCID14 | T8: UTCID15
A9: Condition (Điều kiện) | B9: Input 1 (Dữ liệu vào) | F9: Mô tả Prompt | G9: Mô tả Prompt | H9: Yêu cầu loại câu | I9: Tự động hóa Test Bank | J9: Chỉnh sửa bằng AI | K9: Tối ưu câu hỏi AI | L9: Mô tả Prompt | M9: Mô tả Prompt | N9: Mô tả Prompt | O9: Yêu cầu AI | P9: Tạo Form bằng AI | Q9: Xem lại lịch sử AI | R9: Lưu Form AI | S9: Tự động gán nhãn | T9: Dọn dẹp bản nháp AI
F10: Tạo khảo sát đánh giá mức độ hài lòng nhân viên IT | G10: Create customer feedback survey for E-commerce app | H10: Gồm NPS, 3 câu trắc nghiệm và 1 câu góp ý mở | I10: AI chuyển mô tả CSV thành Form khảo sát | J10: Prompt: 'Thêm 2 câu hỏi về giá sản phẩm' | K10: Prompt: 'Viết lại câu Q2 lịch sự hơn' | L10: Tạo khảo sát đo lường chỉ số hài lòng Tạo khảo sát đo lường chỉ số hài lòng Tạo khảo sát đo lường chỉ số hài lòng Tạo khảo sát đo lường chỉ số hài lòng Tạo khảo sát đo lường chỉ số hài lòng | M10: Khảo sát | N10: (để trống) | O10: Tạo form | P10: Tài khoản gói Miễn phí (Free) | Q10: Lịch sử tạo form bằng AI | R10: Bấm 'Lưu vào danh sách khảo sát' | S10: AI tự tạo tên và mô tả cho form | T10: Bấm 'Hủy phiên tạo AI'
B12: Input 2 (Dữ liệu vào) | F12: Ngôn ngữ | G12: Ngôn ngữ | H12: Độ dài | I12: Nguồn | J12: Form hiện tại | K12: Câu hỏi | L12: Độ dài Prompt | M12: Độ dài Prompt | N12: Hành động | O12: Cấu hình AI | P12: Quyền hạn | Q12: Workspace | R12: Tên form | S12: Prompt | T12: Form nháp
F13: Tiếng Việt | G13: English | H13: Ngắn gọn | I13: Prompt + Cấu trúc bảng | J13: Form đã tạo | K13: Q2 | L13: Prompt rất chi tiết 1500 từ | M13: Prompt cực ngắn 1 từ | N13: Bấm 'Tạo bằng AI' | O13: API Key sai hoặc mất kết nối | P13: Chưa đăng ký AI | Q13: ws_001 | R13: Khảo sát AI - CSKH | S13: Tạo form nhanh | T13: Chưa lưu
A15: Confirm (Xác nhận) | B15: Kết quả | F15: AI sinh ra form khảo sát 5 câu hỏi chuẩn chuyên môn nhân sự | G15: AI sinh form khảo sát tiếng Anh 6 câu có NPS & Rating | H15: AI tạo đúng các cấu trúc loại câu hỏi yêu cầu | I15: AI tự đọc cấu trúc bảng và tạo các ô nhập tương ứng | J15: AI bổ sung thêm 2 câu hỏi đúng ngữ cảnh vào form | K15: AI viết lại văn phong câu hỏi hay hơn, giữ nguyên ý | L15: AI xử lý prompt dài thành công và trả về form chuẩn | M15: AI tự suy luận bối cảnh chung và gợi ý form cơ bản | Q15: Hiển thị danh sách các câu lệnh và phiên bản form AI đã tạo | R15: Form AI được lưu chính thức vào Workspace ở dạng Bản nháp | S15: AI tự tạo Tên khảo sát và Mô tả ngắn hấp dẫn | T15: Hủy phiên làm việc AI không lưu rác vào cơ sở dữ liệu
B17: Lỗi | N17: Câu lệnh mô tả (Prompt) là bắt buộc | O17: Dịch vụ AI tạm thời không kết nối được | P17: Tính năng AI Native yêu cầu nâng cấp gói Enterprise/Pro
B19: Log | F19: AI Form generated VI | G19: AI Form generated EN | H19: Custom question types OK | I19: AI table to form OK | J19: AI form updated | K19: AI question refined | L19: Long prompt processed | M19: Short prompt inferred | N19: Empty prompt error | O19: AI Provider down | P19: Entitlement denied | Q19: AI history fetched | R19: AI Form saved | S19: Auto metadata generated | T19: AI session cleared
A21: Result (Kết quả) | B21: Type (N : Normal, A : Abnormal, B : Boundary) | F21: N | G21: N | H21: N | I21: N | J21: N | K21: N | L21: B | M21: B | N21: A | O21: A | P21: A | Q21: N | R21: N | S21: N | T21: N
B22: Passed/Failed (Điền P hoặc F)
B23: Executed Date (Ngày test)
B24: Defect ID (Mã lỗi nếu có)

Sheet UT_AI_Chat_Result
A1: Function Code | C1: AI-CHAT-04 | F1: Function Name | L1: AI Native — Chat Hỏi Đáp Kết Quả Khảo Sát
A2: Created By | C2: Chuyên viên QA / Antigravity Team | F2: Executed By
A3: Lines of code | C3: N/A | F3: Lack of test cases | L3: 0
A4: Test requirement | C4: Kiểm tra khả năng hỏi đáp AI, tóm tắt ý kiến, truy vấn số liệu và độ tin cậy của phản hồi
A5: Passed | C5: Failed | F5: Untested | L5: N/A/B Case | O5: Total Test Cases
A6: =COUNTIF(F22:Q22,"Passed") | C6: =COUNTIF(F22:Q22,"Failed") | F6: =12-A6-C6 | L6: =COUNTIF(F21:Q21,"N") | M6: =COUNTIF(F21:Q21,"A") | N6: =COUNTIF(F21:Q21,"B") | O6: 12
F8: UTCID01 | G8: UTCID02 | H8: UTCID03 | I8: UTCID04 | J8: UTCID05 | K8: UTCID06 | L8: UTCID07 | M8: UTCID08 | N8: UTCID09 | O8: UTCID10 | P8: UTCID11 | Q8: UTCID12
A9: Condition (Điều kiện) | B9: Input 1 (Dữ liệu vào) | F9: Câu hỏi Chat | G9: Câu hỏi Chat | H9: Câu hỏi Chat | I9: Câu hỏi Chat | J9: Truy vấn theo thời gian | K9: Xuất phản hồi Chat | L9: Hỏi đáp Unicode | M9: Hỏi câu phức hợp | N9: Câu hỏi Chat | O9: Câu hỏi Chat | P9: Truy vấn dữ liệu rỗng | Q9: Xóa lịch sử Chat
F10: Tóm tắt các vấn đề chính khách hàng phàn nàn trong tuần qua | G10: Có bao nhiêu người đánh giá 5 sao cho sản phẩm? | H10: So sánh mức độ hài lòng giữa nhóm Khách hàng cũ và Mới | I10: Đưa ra 3 đề xuất cải thiện dịch vụ dựa trên góp ý của người dùng | J10: Khách hàng phản hồi thế nào trong 3 ngày gần nhất? | K10: Bấm 'Lưu câu trả lời AI vào Báo cáo' | L10: Trợ lý AI trả lời bằng tiếng Việt chuẩn ngữ pháp | M10: Phân tích nguyên nhân làm giảm chỉ số NPS và gợi ý cách khắc phục | N10: (để trống câu hỏi) | O10: Dự báo thời tiết ngày mai thế nào? | P10: Tóm tắt ý kiến khảo sát chưa có phản hồi nào | Q10: Bấm 'Làm mới phiên trò chuyện AI'
B12: Input 2 (Dữ liệu vào) | F12: Dữ liệu | G12: Dữ liệu | H12: Dữ liệu | I12: Bối cảnh | J12: Bộ lọc | K12: Đoạn chat | L12: Câu hỏi | M12: Dữ liệu lớn | N12: Hành động | O12: Ngữ cảnh | P12: Dữ liệu | Q12: Session ID
F13: 100 phản hồi | G13: Khảo sát Rating | H13: Có thuộc tính nhóm | I13: Dữ liệu khảo sát | J13: 3 ngày | K13: Trả lời AI | L13: Tóm tắt ý kiến bằng Tiếng Việt | M13: 1000 phản hồi | N13: Bấm Gửi | O13: Khảo sát sản phẩm | P13: 0 phản hồi | Q13: chat_session_001
A15: Confirm (Xác nhận) | B15: Kết quả | F15: AI phân tích và trả lời dạng danh sách 3 ý chính kèm tỉ lệ % | G15: AI trích xuất chính xác con số cụ thể (ví dụ: 45/100 người) | H15: AI đưa ra bảng so sánh đối chiếu chi tiết giữa 2 nhóm | I15: AI tổng hợp các đề xuất hành động thực tế mang tính chiến lược | J15: AI tự động lọc đúng mốc thời gian và tóm tắt xu hướng | K15: Nội dung câu trả lời được đính kèm vào báo cáo tổng hợp | L15: AI trả lời bằng tiếng Việt tự nhiên, không lỗi font | M15: AI phân tích sâu dữ liệu lớn và trả lời trong dưới 5 giây | O15: AI phản hồi nhắc nhở khéo léo chỉ hỗ trợ truy vấn dữ liệu khảo sát | P15: AI thông báo: 'Hiện chưa có dữ liệu phản hồi để phân tích' | Q15: Cửa sổ chat được dọn dẹp sạch sẻ để bắt đầu phiên mới
B17: Lỗi | N17: Nội dung câu hỏi chat không được để trống
B19: Log | F19: AI summary chat OK | G19: AI count query OK | H19: AI comparison OK | I19: AI recommendations OK | J19: AI time-filter chat OK | K19: AI response exported | L19: Vietnamese LLM OK | M19: Deep analysis OK | N19: Empty question error | O19: Out of context handled | P19: Zero data handled | Q19: Chat reset OK
A21: Result (Kết quả) | B21: Type (N : Normal, A : Abnormal, B : Boundary) | F21: N | G21: N | H21: N | I21: N | J21: N | K21: N | L21: B | M21: B | N21: A | O21: A | P21: A | Q21: N
B22: Passed/Failed (Điền P hoặc F)
B23: Executed Date (Ngày test)
B24: Defect ID (Mã lỗi nếu có)

Sheet UT_AI_DichThuat
A1: Function Code | C1: AI-TRANS-05 | F1: Function Name | L1: AI Native — Dịch Thuật Khảo Sát Đa Ngôn Ngữ
A2: Created By | C2: Chuyên viên QA / Antigravity Team | F2: Executed By
A3: Lines of code | C3: N/A | F3: Lack of test cases | L3: 0
A4: Test requirement | C4: Kiểm tra chất lượng dịch thuật AI, bảo toàn biến nội dung và cấu trúc form đa ngôn ngữ
A5: Passed | C5: Failed | F5: Untested | L5: N/A/B Case | O5: Total Test Cases
A6: =COUNTIF(F22:Q22,"Passed") | C6: =COUNTIF(F22:Q22,"Failed") | F6: =12-A6-C6 | L6: =COUNTIF(F21:Q21,"N") | M6: =COUNTIF(F21:Q21,"A") | N6: =COUNTIF(F21:Q21,"B") | O6: 12
F8: UTCID01 | G8: UTCID02 | H8: UTCID03 | I8: UTCID04 | J8: UTCID05 | K8: UTCID06 | L8: UTCID07 | M8: UTCID08 | N8: UTCID09 | O8: UTCID10 | P8: UTCID11 | Q8: UTCID12
A9: Condition (Điều kiện) | B9: Input 1 (Dữ liệu vào) | F9: Khảo sát gốc | G9: Khảo sát gốc | H9: Khảo sát gốc | I9: Khảo sát gốc | J9: Bảo toàn biến | K9: Dịch thông điệp | L9: Khảo sát 30 câu | M9: Chỉnh sửa bản dịch | N9: Chọn ngôn ngữ | O9: Dịch thuật AI | P9: Xóa ngôn ngữ phụ | Q9: Xem form đa ngôn ngữ
F10: Tiếng Việt | G10: Tiếng Anh | H10: Tiếng Việt | I10: Tiếng Việt | J10: Câu hỏi chứa {{attribute.name}} | K10: Dịch tiêu đề + Mô tả + Nút bấm 'Gửi' | L10: Dịch toàn bộ khảo sát lớn | M10: Chỉnh sửa thủ công 1 câu sau khi AI dịch | N10: Ngôn ngữ đích trùng ngôn ngữ gốc | O10: Khảo sát rỗng không có câu hỏi nào | P10: Xóa bản dịch tiếng Nhật | Q10: Chuyển đổi giữa các tab ngôn ngữ
B12: Input 2 (Dữ liệu vào) | F12: Dịch sang | G12: Dịch sang | H12: Dịch sang | I12: Dịch sang | J12: Dịch thuật | K12: Ngôn ngữ đích | L12: Dịch sang | M12: Câu hỏi | N12: Ngôn ngữ | O12: Cấu trúc | P12: Language Code | Q12: Xem trước
F13: Tiếng Anh (English) | G13: Tiếng Nhật (Japanese) | H13: Tiếng Tây Ban Nha (Spanish) | I13: Tiếng Trung Quốc (Chinese Simplified) | J13: Sang tiếng Anh | K13: Tiếng Pháp | L13: Tiếng Đức | M13: Q3 | N13: Tiếng Việt -> Tiếng Việt | O13: 0 câu hỏi | P13: ja | Q13: VI / EN / JP
A15: Confirm (Xác nhận) | B15: Kết quả | F15: AI dịch chính xác toàn bộ câu hỏi & đáp án sang tiếng Anh | G15: AI dịch sang tiếng Nhật chuẩn văn phong khảo sát | H15: AI dịch hoàn tất sang tiếng Tây Ban Nha | I15: AI dịch sang tiếng Trung giản thể thành công | J15: AI giữ nguyên biến {{attribute.name}} không làm hỏng code | K15: Dịch đầy đủ cả các phần tử UI của khảo sát | L15: Dịch thành công toàn bộ 30 câu hỏi dưới 4 giây | M15: Hệ thống cho phép đè bản chỉnh sửa thủ công lên AI | P15: Bản dịch tiếng Nhật bị xóa, form gốc không ảnh hưởng | Q15: Form chuyển đổi mượt mà giữa các phiên bản ngôn ngữ
B17: Lỗi | N17: Ngôn ngữ đích phải khác ngôn ngữ gốc | O17: Khảo sát chưa có nội dung để thực hiện dịch
B19: Log | F19: Translated VI to EN | G19: Translated EN to JP | H19: Translated VI to ES | I19: Translated VI to ZH | J19: Variables preserved | K19: UI elements translated | L19: Bulk translate OK | M19: Manual override OK | N19: Same language error | O19: Empty survey error | P19: Language removed | Q19: Multi-lang preview OK
A21: Result (Kết quả) | B21: Type (N : Normal, A : Abnormal, B : Boundary) | F21: N | G21: N | H21: N | I21: N | J21: N | K21: N | L21: B | M21: B | N21: A | O21: A | P21: N | Q21: N
B22: Passed/Failed (Điền P hoặc F)
B23: Executed Date (Ngày test)
B24: Defect ID (Mã lỗi nếu có)

Sheet UT_AI_PhanTich_CamXuc
A1: Function Code | C1: AI-TOPIC-06 | F1: Function Name | L1: AI Native — Phân Tích Cảm Xúc & Cây Chủ Đề Topic/Sub-Topic
A2: Created By | C2: Chuyên viên QA / Antigravity Team | F2: Executed By
A3: Lines of code | C3: N/A | F3: Lack of test cases | L3: 0
A4: Test requirement | C4: Kiểm tra độ chính xác phân loại cảm xúc, tự động tạo cây Topic/Sub-topic và biểu đồ xu hướng
A5: Passed | C5: Failed | F5: Untested | L5: N/A/B Case | O5: Total Test Cases
A6: =COUNTIF(F22:T22,"Passed") | C6: =COUNTIF(F22:T22,"Failed") | F6: =15-A6-C6 | L6: =COUNTIF(F21:T21,"N") | M6: =COUNTIF(F21:T21,"A") | N6: =COUNTIF(F21:T21,"B") | O6: 15
F8: UTCID01 | G8: UTCID02 | H8: UTCID03 | I8: UTCID04 | J8: UTCID05 | K8: UTCID06 | L8: UTCID07 | M8: UTCID08 | N8: UTCID09 | O8: UTCID10 | P8: UTCID11 | Q8: UTCID12 | R8: UTCID13 | S8: UTCID14 | T8: UTCID15
A9: Condition (Điều kiện) | B9: Input 1 (Dữ liệu vào) | F9: Phân tích cảm xúc | G9: Phân tích cảm xúc | H9: Phân tích cảm xúc | I9: Tạo Cây Chủ Đề (Topic Tree) | J9: Tạo Chủ Đề Phụ (Sub-topic) | K9: Bộ lọc theo Topic | L9: Biểu đồ phân bổ Cảm xúc | M9: Cập nhật cây Topic | N9: Phân tích văn bản Unicode | O9: Xử lý văn bản rất dài | P9: Quét cảm xúc dữ liệu rỗng | Q9: Đổi tên Topic thủ công | R9: Gộp Topic | S9: Xuất dữ liệu Topic Tree | T9: Xóa Node Topic
F10: Phản hồi: 'Sản phẩm tuyệt vời, dịch vụ hỗ trợ rất nhanh!' | G10: Phản hồi: 'Ứng dụng hay bị giật lag, rất thất vọng.' | H10: Phản hồi: 'Tôi đã nhận được hàng vào chiều nay.' | I10: Gom nhóm 50 ý kiến góp ý | J10: Dưới Topic 'Giao hàng' | K10: Nhấp chọn Topic 'Thái độ Shipper' | L10: Xem đồ thị Tích cực/Tiêu cực/Trung tính | M10: Khi có 20 phản hồi mới gửi về | N10: Phản hồi kết hợp tiếng Việt + Icon Emoji 🎉 😡 | O10: Đoạn góp ý dài 2000 từ chứa cả khen lẫn chê | P10: Khảo sát chưa có câu trả lời nào | Q10: Đổi tên Topic 'Dịch vụ' -> 'Chăm sóc KH' | R10: Gộp Sub-topic 'Shipper' vào 'Giao nhận' | S10: Bấm 'Xuất báo cáo Cây Chủ Đề' | T10: Xóa 1 Sub-topic không cần thiết
B12: Input 2 (Dữ liệu vào) | F12: Nguồn | G12: Nguồn | H12: Nguồn | I12: Màn hình | J12: Phân nhánh | K12: Thao tác | L12: Dạng hiển thị | M12: Hành động | N12: Nội dung | O12: Độ dài | P12: Dữ liệu | Q12: Thao tác | R12: Thao tác | S12: Định dạng | T12: Node
F13: Văn bản | G13: Văn bản | H13: Văn bản | I13: Insights Dashboard | J13: Chi tiết hơn | K13: Click node cây | L13: Biểu đồ tròn & Thanh | M13: Tự động quét lại (Re-scan) | N13: Text + Emoji | O13: Rất dài | P13: 0 phản hồi | Q13: Sửa tên Node | R13: Merge Node | S13: File Excel/PDF | T13: Sub-topic rác
A15: Confirm (Xác nhận) | B15: Kết quả | F15: AI phân loại: Tích cực (Positive) - Độ tin cậy 98% | G15: AI phân loại: Tiêu cực (Negative) - Độ tin cậy 95% | H15: AI phân loại: Trung tính (Neutral) - Độ tin cậy 90% | I15: AI tự tạo Topic chính: 'Chất lượng sản phẩm' và 'Giao hàng' | J15: AI phân nhánh Sub-topic: 'Thời gian giao' & 'Thái độ Shipper' | K15: Danh sách phản hồi bên dưới lọc đúng các phản hồi thuộc Sub-topic đó | L15: Biểu đồ hiển thị tỷ lệ % cảm xúc chính xác từng mốc | M15: Cây Topic cập nhật thêm các ý kiến mới vào đúng nhánh | N15: AI nhận diện đúng cảm xúc chứa Emoji không bị lỗi | O15: AI tách thành 2 đoạn cảm xúc riêng và gắn vào 2 Topic phù hợp | P15: Hiển thị trạng thái: 'Đang chờ phản hồi để phân tích cảm xúc' | Q15: Tên Topic cập nhật trên cây và lưu vào cơ sở dữ liệu | R15: Các phản hồi được chuyển về chung Topic sau khi gộp | S15: Xuất file báo cáo cấu trúc Topic & cảm xúc thành công | T15: Node bị xóa, các phản hồi quay về trạng thái chưa phân loại
B17: Lỗi
B19: Log | F19: Positive sentiment OK | G19: Negative sentiment OK | H19: Neutral sentiment OK | I19: Main topic tree generated | J19: Sub-topic tree generated | K19: Topic filter applied | L19: Sentiment chart OK | M19: Topic tree re-scanned | N19: Emoji sentiment OK | O19: Mixed sentiment split | P19: Empty sentiment state | Q19: Topic renamed OK | R19: Topics merged OK | S19: Topic report exported | T19: Topic node deleted
A21: Result (Kết quả) | B21: Type (N : Normal, A : Abnormal, B : Boundary) | F21: N | G21: N | H21: N | I21: N | J21: N | K21: N | L21: N | M21: N | N21: B | O21: B | P21: A | Q21: N | R21: N | S21: N | T21: N
B22: Passed/Failed (Điền P hoặc F)
B23: Executed Date (Ngày test)
B24: Defect ID (Mã lỗi nếu có)

Sheet UT_PhanHoi_Pipeline
A1: Function Code | C1: RESP-PIPE-07 | F1: Function Name | L1: Phản Hồi, Xuất File & Pipeline Tự Động
A2: Created By | C2: Chuyên viên QA / Antigravity Team | F2: Executed By
A3: Lines of code | C3: N/A | F3: Lack of test cases | L3: 0
A4: Test requirement | C4: Kiểm tra ghi nhận phản hồi, xuất báo cáo dữ liệu, kích hoạt Webhook và gửi Email
A5: Passed | C5: Failed | F5: Untested | L5: N/A/B Case | O5: Total Test Cases
A6: =COUNTIF(F22:T22,"Passed") | C6: =COUNTIF(F22:T22,"Failed") | F6: =15-A6-C6 | L6: =COUNTIF(F21:T21,"N") | M6: =COUNTIF(F21:T21,"A") | N6: =COUNTIF(F21:T21,"B") | O6: 15
F8: UTCID01 | G8: UTCID02 | H8: UTCID03 | I8: UTCID04 | J8: UTCID05 | K8: UTCID06 | L8: UTCID07 | M8: UTCID08 | N8: UTCID09 | O8: UTCID10 | P8: UTCID11 | Q8: UTCID12 | R8: UTCID13 | S8: UTCID14 | T8: UTCID15
A9: Condition (Điều kiện) | B9: Input 1 (Dữ liệu vào) | F9: Người dùng gửi form | G9: Gửi từng phần (Partial) | H9: Xuất file CSV | I9: Xuất file Excel | J9: Bộ lọc theo ngày | K9: Pipeline Webhook | L9: Pipeline Email | M9: Chỉnh sửa phản hồi | N9: Nội dung Unicode | O9: Gửi câu trả lời 10000 từ | P9: Gửi form thiếu câu bắt buộc | Q9: Gửi form khảo sát đã đóng | R9: Gửi form không có dữ liệu | S9: Xóa phản hồi | T9: Đếm tổng số phản hồi
F10: Trả lời đầy đủ các câu hỏi | G10: Trả lời 2/5 câu rồi đóng trình duyệt | H10: Bấm 'Tải báo cáo CSV' | I10: Bấm 'Tải báo cáo XLSX' | J10: Lọc phản hồi từ 01/08 đến 08/08 | K10: Cấu hình Webhook khi có phản hồi mới | L10: Cấu hình gửi mail cho Quản trị viên | M10: Sửa câu trả lời của phản hồi ID resp_001 | N10: Trả lời chứa ký tự đặc biệt & Emoji | O10: Văn bản trả lời cực kỳ dài | P10: Bỏ qua câu hỏi Mandatory Q1 | Q10: Khảo sát đã ở trạng thái Archived | R10: Payload rỗng {} | S10: Xóa 1 phản hồi rác ID resp_bad | T10: Lấy tổng số lượng phản hồi
B12: Input 2 (Dữ liệu vào) | F12: Khảo sát | G12: Tính năng | H12: Bộ lọc | I12: Định dạng | J12: Thời gian | K12: URL | L12: Event | M12: Người sửa | N12: Văn bản | O12: Trường nhập | P12: Hành động | Q12: Link form | R12: Hành động | S12: Quyền | T12: Khảo sát
F13: srv_pub_001 | G13: Save partial | H13: Tất cả phản hồi | I13: Excel chỉn chu | J13: 7 ngày | K13: https://api.crm.com/webhook | L13: Response completed | M13: Admin | N13: Cảm ơn nhiều! ❤️ 🎉 | O13: Open text | P13: Bấm Gửi | Q13: Public link | R13: POST /api/responses | S13: Admin | T13: srv_pub_001
A15: Confirm (Xác nhận) | B15: Kết quả | F15: Phản hồi lưu thành công, trạng thái completed | G15: Lưu phản hồi dở dang với trạng thái inProgress | H15: Tải về file CSV chứa đầy đủ các cột câu hỏi và câu trả lời | I15: Tải về file Excel định dạng đẹp chuẩn cột | J15: Danh sách phản hồi hiển thị đúng mốc thời gian đã chọn | K15: Dữ liệu phản hồi mới được đẩy ngay sang CRM qua Webhook (200 OK) | L15: Email thông báo kèm tóm tắt câu trả lời được gửi tức thì | M15: Nội dung phản hồi cập nhật thành công | N15: Lưu và xuất file hiển thị nguyên vẹn Unicode | O15: Lưu trữ thành công không bị cắt xén dữ liệu | S15: Phản hồi bị xóa khỏi hệ thống và giảm tổng số đếm | T15: Trả về con số tổng xác thực (ví dụ: 125 phản hồi)
B17: Lỗi | P17: Vui lòng trả lời câu hỏi bắt buộc trước khi gửi | Q17: Khảo sát này đã kết thúc và ngưng nhận phản hồi | R17: Dữ liệu gửi lên không hợp lệ
B19: Log | F19: Response submitted OK | G19: Partial response saved | H19: CSV exported OK | I19: XLSX exported OK | J19: Date filter applied | K19: Webhook triggered OK | L19: Notification email sent | M19: Response updated | N19: Unicode text OK | O19: Huge response saved | P19: Mandatory error | Q19: Survey closed error | R19: Empty payload error | S19: Response deleted | T19: Response count OK
A21: Result (Kết quả) | B21: Type (N : Normal, A : Abnormal, B : Boundary) | F21: N | G21: N | H21: N | I21: N | J21: N | K21: N | L21: N | M21: N | N21: B | O21: B | P21: A | Q21: A | R21: A | S21: N | T21: N
B22: Passed/Failed (Điền P hoặc F)
B23: Executed Date (Ngày test)
B24: Defect ID (Mã lỗi nếu có)

Sheet UT_Workspace_Org
A1: Function Code | C1: WKSP-ORG-08 | F1: Function Name | L1: Quản Lý Workspace, Tổ Chức & Phân Quyền
A2: Created By | C2: Chuyên viên QA / Antigravity Team | F2: Executed By
A3: Lines of code | C3: N/A | F3: Lack of test cases | L3: 0
A4: Test requirement | C4: Kiểm tra vòng đời Workspace, Tổ chức, phân quyền truy cập và quản lý thành viên
A5: Passed | C5: Failed | F5: Untested | L5: N/A/B Case | O5: Total Test Cases
A6: =COUNTIF(F22:T22,"Passed") | C6: =COUNTIF(F22:T22,"Failed") | F6: =15-A6-C6 | L6: =COUNTIF(F21:T21,"N") | M6: =COUNTIF(F21:T21,"A") | N6: =COUNTIF(F21:T21,"B") | O6: 15
F8: UTCID01 | G8: UTCID02 | H8: UTCID03 | I8: UTCID04 | J8: UTCID05 | K8: UTCID06 | L8: UTCID07 | M8: UTCID08 | N8: UTCID09 | O8: UTCID10 | P8: UTCID11 | Q8: UTCID12 | R8: UTCID13 | S8: UTCID14 | T8: UTCID15
A9: Condition (Điều kiện) | B9: Input 1 (Dữ liệu vào) | F9: Tạo Workspace | G9: Đổi tên Workspace | H9: Tạo Thẻ (Tag) | I9: Gộp Thẻ (Merge Tags) | J9: Cấu hình Giao diện | K9: Mời thành viên | L9: Chấp nhận lời mời | M9: Thay đổi vai trò | N9: Thanh toán Gói dịch vụ | O9: Tạo Workspace tên 1 ký tự | P9: Tạo Workspace rỗng tên | Q9: Mời email sai định dạng | R9: Xóa Chủ sở hữu duy nhất | S9: Xác nhận xóa Workspace | T9: Xóa Workspace nhập tên sai
F10: Tên: 'Môi trường Sản xuất' | G10: Đổi thành 'WS Kinh Doanh 2026' | H10: Tên thẻ: 'Ưu tiên cao' | I10: Gộp thẻ 'Khách mới' vào 'Khách tiềm năng' | J10: Tải Logo thương hiệu & Đổi màu nút | K10: Email: newstaff@company.com | L10: Click link trong Email | M10: Đổi thành viên 'User_A' thành 'Admin' | N10: Nâng cấp lên gói Enterprise | O10: Tên WS: 'X' | P10: Tên WS: (để trống) | Q10: Email: invalid_email_str | R10: Hành động xóa Owner khỏi Org | S10: Nhập tên xác nhận đúng 'WS Kinh Doanh 2026' | T10: Nhập tên xác nhận sai 'Tên Khác'
B12: Input 2 (Dữ liệu vào) | F12: Tổ chức | G12: WS ID | H12: Màu sắc | I12: Hành động | J12: Branding | K12: Vai trò | L12: Token | M12: Quyền mới | N12: Cổng | O12: Tổ chức | P12: Tổ chức | Q12: Vai trò | R12: User ID | S12: Hành động | T12: Hành động
F13: Org_001 | G13: ws_prod_001 | H13: Đỏ #FF0000 | I13: Merge | J13: Custom | K13: Manager (Quản lý) | L13: Token hợp lệ | M13: Admin | N13: Stripe | O13: Org_001 | P13: Org_001 | Q13: Member | R13: owner_001 | S13: Xóa vĩnh viễn | T13: Xóa
A15: Confirm (Xác nhận) | B15: Kết quả | F15: Tạo Workspace mới thành công ID ws_prod_001 | G15: Tên Workspace cập nhật thành công | H15: Tạo thẻ gắn dấu khảo sát thành công | I15: Tất cả khảo sát được chuyển sang thẻ mới sau khi gộp | J15: Giao diện khảo sát áp dụng đúng Logo và nhận diện thương hiệu | K15: Email mời được gửi đi có chứa Token đăng ký | L15: Thành viên mới gia nhập thành công vào Tổ chức | M15: Quyền hạn người dùng cập nhật thành Admin | N15: Chuyển hướng trang Stripe Checkout thành công | O15: Tạo Workspace thành công với tên 1 ký tự | S15: Workspace bị xóa hoàn toàn khỏi hệ thống
B17: Lỗi | P17: Tên Workspace không được để trống | Q17: Định dạng Email người nhận không hợp lệ | R17: Không thể xóa Chủ sở hữu duy nhất của Tổ chức | T17: Tên xác nhận không khớp, từ chối thao tác xóa
B19: Log | F19: Workspace created | G19: Workspace renamed | H19: Tag created | I19: Tags merged | J19: Branding updated | K19: Member invited | L19: Invite accepted | M19: Role updated | N19: Stripe checkout OK | O19: Min length WS OK | P19: Workspace name required | Q19: Bad email format | R19: Cannot remove owner | S19: Workspace deleted | T19: Delete mismatch error
A21: Result (Kết quả) | B21: Type (N : Normal, A : Abnormal, B : Boundary) | F21: N | G21: N | H21: N | I21: N | J21: N | K21: N | L21: N | M21: N | N21: N | O21: B | P21: A | Q21: A | R21: A | S21: N | T21: A
B22: Passed/Failed (Điền P hoặc F)
B23: Executed Date (Ngày test)
B24: Defect ID (Mã lỗi nếu có)

Sheet UT_API_Storage
A1: Function Code | C1: API-STGE-09 | F1: Function Name | L1: REST API, Client SDK, MCP Server & Lưu Trữ File
A2: Created By | C2: Chuyên viên QA / Antigravity Team | F2: Executed By
A3: Lines of code | C3: N/A | F3: Lack of test cases | L3: 0
A4: Test requirement | C4: Kiểm tra tính đúng đắn của API endpoints, tải file, bảo mật API Key và Rate Limiting
A5: Passed | C5: Failed | F5: Untested | L5: N/A/B Case | O5: Total Test Cases
A6: =COUNTIF(F22:T22,"Passed") | C6: =COUNTIF(F22:T22,"Failed") | F6: =15-A6-C6 | L6: =COUNTIF(F21:T21,"N") | M6: =COUNTIF(F21:T21,"A") | N6: =COUNTIF(F21:T21,"B") | O6: 15
F8: UTCID01 | G8: UTCID02 | H8: UTCID03 | I8: UTCID04 | J8: UTCID05 | K8: UTCID06 | L8: UTCID07 | M8: UTCID08 | N8: UTCID09 | O8: UTCID10 | P8: UTCID11 | Q8: UTCID12 | R8: UTCID13 | S8: UTCID14 | T8: UTCID15
A9: Condition (Điều kiện) | B9: Input 1 (Dữ liệu vào) | F9: API Key | G9: Tạo khảo sát qua API | H9: Client SDK Endpoint | I9: Gửi phản hồi qua SDK | J9: MCP Tool Execution | K9: Tải file ảnh lên Storage | L9: Tải file báo cáo về | M9: Xóa file trên Storage | N9: Vượt giới hạn Rate Limit | O9: Tải file kích thước lớn | P9: Truy cập API Key không hợp lệ | Q9: Truy cập thiếu API Key | R9: Gửi JSON sai định dạng | S9: Tải file định dạng độc hại | T9: Truy vấn Endpoint không tồn tại
F10: X-Api-Key hợp lệ | G10: POST /api/v3/surveys | H10: GET /api/v1/client/ws_001/environment | I10: POST /api/v1/client/ws_001/responses | J10: Tool: 'List surveys in workspace' | K10: File: logo.png (500 KB) | L10: GET /api/storage/files/file_001/download | M10: DELETE /api/storage/files/file_001 | N10: Gửi 120 yêu cầu / 60 giây | O10: File: data_heavy.zip (100 MB) | P10: Header: X-Api-Key 'invalid_key' | Q10: Header: (bỏ trống X-Api-Key) | R10: POST /api/v3/surveys | S10: File: script.exe | T10: GET /api/v3/non_existent_route
B12: Input 2 (Dữ liệu vào) | F12: Endpoint | G12: Body | H12: Client ID | I12: Body | J12: Session | K12: Workspace | L12: Action | M12: Quyền | N12: Endpoint | O12: Giới hạn | P12: Endpoint | Q12: Endpoint | R12: Body | S12: Kiểm duyệt | T12: Key
F13: GET /api/v3/surveys | G13: JSON cấu trúc form | H13: ws_001 | I13: Payload câu trả lời | J13: MCP Active | K13: ws_001 | L13: Download | M13: Admin | N13: GET /api/v3/surveys | O13: Max 10 MB | P13: GET /api/v3/surveys | Q13: GET /api/v3/surveys | R13: Invalid JSON {abc} | S13: Allowed MIME types | T13: Valid Key
A15: Confirm (Xác nhận) | B15: Kết quả | F15: 200 OK, trả về danh sách toàn bộ khảo sát dạng JSON | G15: 201 Created, tạo thành công khảo sát mới | H15: 200 OK, trả về cấu hình môi trường cho Website SDK | I15: 201 Created, phản hồi ghi nhận qua SDK thành công | J15: MCP Server trả lời chuẩn cấu trúc dữ liệu khảo sát | K15: Tải lên thành công, trả về đường dẫn Signed URL | L15: Stream dữ liệu file tải về chính xác Content-Type | M15: File bị xóa vĩnh viễn trên S3/Local Storage
B17: Lỗi | N17: 429 Too Many Requests (Vượt giới hạn tốc độ truy cập) | O17: 413 Payload Too Large (File vượt quá dung lượng tối đa) | P17: 401 Unauthorized (Khóa API không chính xác) | Q17: 401 Unauthorized (Thiếu mã xác thực API) | R17: 400 Bad Request (Định dạng dữ liệu gửi lên bị lỗi) | S17: 400 Bad Request (Loại file không được phép lưu trữ) | T17: 404 Not Found (Đường dẫn API không tồn tại)
B19: Log | F19: API v3 surveys fetched | G19: API survey created | H19: SDK env loaded | I19: SDK response saved | J19: MCP tool executed | K19: File uploaded OK | L19: File downloaded OK | M19: File deleted OK | N19: Rate limit 429 | O19: File size exceeded | P19: 401 Bad Key | Q19: 401 Missing Key | R19: 400 Invalid JSON | S19: Blocked file type | T19: 404 Route not found
A21: Result (Kết quả) | B21: Type (N : Normal, A : Abnormal, B : Boundary) | F21: N | G21: N | H21: N | I21: N | J21: N | K21: N | L21: N | M21: N | N21: B | O21: B | P21: A | Q21: A | R21: A | S21: A | T21: A
B22: Passed/Failed (Điền P hoặc F)
B23: Executed Date (Ngày test)
B24: Defect ID (Mã lỗi nếu có)

Sheet UT_Email_HeThong
A1: Function Code | C1: EMAIL-SYS-10 | F1: Function Name | L1: Gửi Email Thông Báo & Mẫu Thư Hệ Thống
A2: Created By | C2: Chuyên viên QA / Antigravity Team | F2: Executed By
A3: Lines of code | C3: N/A | F3: Lack of test cases | L3: 0
A4: Test requirement | C4: Kiểm tra việc gửi các loại mẫu email hệ thống, liên kết xác nhận và xử lý lỗi kết nối SMTP
A5: Passed | C5: Failed | F5: Untested | L5: N/A/B Case | O5: Total Test Cases
A6: =COUNTIF(F22:Q22,"Passed") | C6: =COUNTIF(F22:Q22,"Failed") | F6: =12-A6-C6 | L6: =COUNTIF(F21:Q21,"N") | M6: =COUNTIF(F21:Q21,"A") | N6: =COUNTIF(F21:Q21,"B") | O6: 12
F8: UTCID01 | G8: UTCID02 | H8: UTCID03 | I8: UTCID04 | J8: UTCID05 | K8: UTCID06 | L8: UTCID07 | M8: UTCID08 | N8: UTCID09 | O8: UTCID10 | P8: UTCID11 | Q8: UTCID12
A9: Condition (Điều kiện) | B9: Input 1 (Dữ liệu vào) | F9: Mẫu Email | G9: Mẫu Email | H9: Mẫu Email | I9: Mẫu Email | J9: Mẫu Email | K9: Nội dung Email Unicode | L9: Gửi Email danh sách lớn | M9: Email gửi tới địa chỉ không tồn tại | N9: Gửi Mail khi mất kết nối SMTP | O9: Nhấp link kích hoạt đã hết hạn | P9: Tùy biến mẫu Email | Q9: Kiểm tra xem trước Email
F10: Xác nhận đăng ký tài khoản | G10: Yêu cầu Đặt lại mật khẩu | H10: Mời tham gia Tổ chức | I10: Thông báo khi có phản hồi mới | J10: Xem trước khảo sát dạng nhúng (Embed) | K10: Tên người nhận có dấu tiếng Việt | L10: Gửi thông báo tới 50 quản trị viên | M10: Địa chỉ: non_existent@invalid-domain-xyz.com | N10: Cấu hình SMTP bị ngắt mạng | O10: Token kích hoạt đã quá 24h | P10: Thay đổi Logo & Màu nền thư | Q10: Bấm 'Gửi mail kiểm thử (Test Email)'
B12: Input 2 (Dữ liệu vào) | F12: Người nhận | G12: Người nhận | H12: Người nhận | I12: Người nhận | J12: Người nhận | K12: Tên | L12: Danh sách | M12: Gửi | N12: Hành động | O12: Action | P12: Cấu hình | Q12: Email nhận
F13: newuser@example.com | G13: user@example.com | H13: colleague@company.com | I13: owner@formbricks.com | J13: tester@domain.com | K13: Nguyễn Văn Ánh | L13: 50 emails | M13: Mail xác nhận | N13: Gửi Mail | O13: Click Link | P13: Email Branding | Q13: admin@test.com
A15: Confirm (Xác nhận) | B15: Kết quả | F15: Email xác nhận được gửi đi có chứa đường dẫn kích hoạt | G15: Email chứa Token khôi phục mật khẩu gửi thành công | H15: Email mời gia nhập kèm nút bấm chấp nhận gửi đi thành công | I15: Email tóm tắt phản hồi mới gửi tới chủ sở hữu khảo sát | J15: Email chứa mã nhúng xem trước gửi đi thành công | K15: Email hiển thị chuẩn tên tiếng Việt có dấu không vỡ font | L15: Hệ thống gửi hàng loạt qua hàng đợi Queue thành công | P15: Mẫu email gửi đi áp dụng đúng Logo và màu sắc mới | Q15: Email test gửi về hòm thư người quản trị thành công
B17: Lỗi | M17: Dịch vụ báo lỗi Gửi thất bại (Bounce/Undelivered) | N17: Không thể kết nối đến máy chủ SMTP | O17: Đường dẫn xác nhận đã hết hạn, vui lòng yêu cầu lại
B19: Log | F19: Verification email sent | G19: Reset password email sent | H19: Org invite email sent | I19: Response notify email sent | J19: Embed preview email sent | K19: Unicode email name OK | L19: Bulk email queue OK | M19: Email bounce handled | N19: SMTP connection error | O19: Token expired error | P19: Email template customized | Q19: Test email sent OK
A21: Result (Kết quả) | B21: Type (N : Normal, A : Abnormal, B : Boundary) | F21: N | G21: N | H21: N | I21: N | J21: N | K21: B | L21: B | M21: A | N21: A | O21: A | P21: N | Q21: N
B22: Passed/Failed (Điền P hoặc F)
B23: Executed Date (Ngày test)
B24: Defect ID (Mã lỗi nếu có)
